ProjID,Delivery Date,Lease_Up_Time,MarketCode,StateName,CountyCode,CountyName,TractCode,BlockGroupCode,Latitude,Longitude,ETAKInd,True Owner,ManagementCompany,Submarket,Name,Address,City,Zip,Phone,YearBuilt,Rehab1,Rehab2,Rehab3,Quantity,AreaPerUnit,Level,Neighborhood,Status,Initial_Property_Grade_A,Initial_Property_Grade_A+,Initial_Property_Grade_A-,Initial_Property_Grade_B,Initial_Property_Grade_B+,Initial_Property_Grade_B-,Initial_Property_Grade_C,Initial_Property_Grade_C+,Initial_Property_Grade_C-,Initial_Property_Grade_D,"MarketName_Akron, OH","MarketName_Austin-Round Rock, TX",StateCode_OH,StateCode_TX,Average_Rent_During_LeaseUp,YearBuilt_vs_Overall,AreaPerUnit_vs_Overall,Quantity_vs_Overall,Individual_Competitive_Score,Average_Concession_During_LeaseUp,Effective_Age,First Status_LU,First Status_UC/LU,State_OH,State_TX
10255043,Apr-19,4,12420,Texas,491,Williamson,20312.0,2.0,30.57164,-97.87028,,NE Property Management,NE Property Management,Cedar Park,22 North Apartments,149 S Bagdad Rd,Leander,78641,5129868727,2018,,,,240,1098,3,,S,0,0,0,0,0,1,0,0,0,0,0,1,0,1,1201.8,3.73577235772359,0.2119422807710254,-0.16156609909538888,1.8991556432740249,0.0824252179356116,7,1,0,0,1
19148,Apr-08,12,12420,Texas,453,Travis,1912.0,1.0,30.33318,-97.80856,,JP Morgan,Greystar,Southwest Austin,3500 Westlake,3500 N Capital of Texas Hwy,Austin,78746,5123274111,2008,,,,175,1155,3,,S,0,0,0,0,0,0,1,0,0,0,0,1,0,1,1455.923076923077,-6.26422764227641,0.27485731720449413,-0.38864194725705437,-3.1273850154282674,0.14353547686881007,17,1,0,0,1
48136,Apr-16,15,12420,Texas,453,Travis,1305.0,1.0,30.25967,-97.74876,,Alliance Residential Company,Berkshire Communities,South Austin,422 At The Lake,422 W Riverside Dr,Austin,78704,5124809000,2016,,,,207,816,6,,S,0,0,0,1,0,0,0,0,0,0,0,1,0,1,1140.3846153846155,1.7357723577235902,-0.09932158368929256,-0.27685076046977297,0.7827195516610528,0.0,9,0,1,0,1
53901,Aug-15,13,12420,Texas,453,Travis,902.0,2.0,30.26169,-97.71999,,GF Properties Group LLC,Greystar,East Austin,7East,2025 E 7th St,Austin,78702,5124762025,2016,,,,186,750,5,,S,0,0,0,0,0,0,0,1,0,0,0,1,0,1,1741.2142857142858,1.7357723577235902,-0.172170573243835,-0.3502137267989264,0.7461922615288593,0.06213799072936912,9,0,1,0,1
37301,Aug-13,13,12420,Texas,491,Williamson,20508.0,1.0,30.48168,-97.76888,,TA Associates Realty,Alliance Residential Company,Cedar Park,95 Twenty,9520 Spectrum Dr,Austin,78717,5125244663,2014,,,,334,924,3,,S,0,0,0,0,0,0,0,1,0,0,0,1,0,1,1089.4285714285713,-0.2642276422764098,0.019885853763595307,0.16682051209225035,-0.09278396259067624,0.031090911990614308,11,0,1,0,1
27065,Mar-09,8,12420,Texas,453,Travis,2402.0,4.0,30.20069,-97.76973,,FrontRange Capital Partners,Alliance Residential Company,Far South Austin,Agave at South Congress,625 E Stassney Ln,Austin,78745,5129120005,2009,,,,195,934,3,,S,0,0,1,0,0,0,0,0,0,0,0,1,0,1,1077.2222222222222,-5.26422764227641,0.03092357945367752,-0.31877245551500344,-2.6865912384051023,0.04754887513508198,16,1,0,0,1
91008,Jan-19,7,12420,Texas,453,Travis,1839.0,1.0,30.39005,-97.64754,,Colgate McCallum Advisors Inc,Roscoe Property Management,North Central Austin,Altair Tech Ridge,12408 Dessau Rd,Austin,78753,5123097679,2019,,,,230,950,3,,S,0,0,0,1,0,0,0,0,0,0,0,1,0,1,1328.0,4.73577235772359,0.04858394055780901,-0.1965008449664144,2.343161192035855,0.05653045056401615,6,0,1,0,1
46261,Sep-16,20,12420,Texas,491,Williamson,20318.0,2.0,30.46782,-97.81115,,Altman Management Company Inc,Starlight Investments,Cedar Park,Altis Lakeline,12700 Ridgeline Blvd,Cedar Park,78613,8337097861,2017,,,,354,985,3,,S,0,0,0,1,0,0,0,0,0,0,0,1,0,1,1227.3333333333333,2.73577235772359,0.08721598047309675,0.2366900038343014,1.4413889737705843,0.11915201331754442,8,0,1,0,1
19410,Apr-08,19,12420,Texas,453,Travis,1200.0,2.0,30.26964,-97.75584,,AMLI Residential,AMLI Residential,Downtown/University,AMLI 300,300 N Lamar Blvd,Austin,78703,5124819300,2008,,,,154,973,5,,S,0,0,0,0,1,0,0,0,0,0,0,1,0,1,1843.9,-6.26422764227641,0.07397070964499797,-0.4620049135862079,-3.2023235909619467,0.08241428542070986,17,1,0,0,1
34139,Apr-10,5,12420,Texas,453,Travis,206.0,3.0,30.32744,-97.74014,,AMLI Residential,AMLI Residential,Near North Austin,AMLI 5350,5350 Burnet Rd,Austin,78756,5124585350,2010,2021.0,,,175,832,4,,R,1,0,0,0,0,0,0,0,0,0,0,1,0,1,1306.5,-4.26422764227641,-0.08166122258516095,-0.38864194725705437,-2.2343405773651637,0.07751992529405335,4,0,1,0,1
38303,Apr-15,9,12420,Texas,453,Travis,306.0,1.0,30.29688,-97.70389,,AMLI Residential,AMLI Residential,East Austin,AMLI at Mueller,1900 Simond Ave,Austin,78723,5128796744,2015,,,,280,819,5,,S,0,0,1,0,0,0,0,0,0,0,0,1,0,1,1586.5,0.7357723577235902,-0.09601026598226792,-0.02182711561128703,0.3347176759448573,0.018839648822936872,10,0,1,0,1
60618,Nov-15,16,12420,Texas,453,Travis,1769.0,2.0,30.24973,-97.89627,,AMLI Residential,AMLI Residential,Southwest Austin,AMLI Covered Bridge,8715 W Hwy 71,Austin,78735,5124903003,2016,,,,360,981,4,,S,1,0,0,0,0,0,0,0,0,0,0,1,0,1,1409.9411764705883,1.7357723577235902,0.08280089019706383,0.2576508513569167,0.9442566161922975,0.0594557491540537,9,0,1,0,1
18255,Apr-08,16,12420,Texas,453,Travis,901.0,2.0,30.26857,-97.73157,,AMLI Residential,AMLI Residential,East Austin,AMLI Eastside,1000 San Marcos St,Austin,78702,5124768700,2007,,,,290,956,4,,S,0,0,0,0,1,0,0,0,0,0,0,1,0,1,1394.8823529411766,-7.26422764227641,0.055206575971858296,0.013107630259738379,-3.6129303222947,0.13145557102043814,18,1,0,0,1
19035,Apr-08,5,12420,Texas,453,Travis,1100.0,1.0,30.26618,-97.74808,,AMLI Residential,AMLI Residential,Downtown/University,AMLI on 2ND,421 W 3rd St,Austin,78701,5124720421,2008,2022.0,,,231,898,18,,R,0,1,0,0,0,0,0,0,0,0,0,1,0,1,2178.0,-6.26422764227641,-0.00881223303061851,-0.19300737037931182,-3.1733589651232528,0.05362943702739259,3,1,0,0,1
64806,Oct-17,11,12420,Texas,453,Travis,306.0,1.0,30.30238,-97.70204,,AMLI Residential,AMLI Residential,East Austin,AMLI on Aldrich,2401 Aldrich St,Austin,78723,8552077512,2018,,,,318,1006,4,,S,0,0,0,1,0,0,0,0,0,0,0,1,0,1,2052.5833333333335,3.73577235772359,0.11039520442226936,0.11092491869860965,1.9231897239281979,0.03483194546783139,7,0,1,0,1
34038,Apr-10,19,12420,Texas,453,Travis,2304.0,2.0,30.24522,-97.73019,,AMLI Residential,AMLI Residential,Riverside,AMLI South Shore,1620 E Riverside Dr,Austin,78741,5124471620,2010,2020.0,,,375,887,6,,S,0,0,0,1,0,0,0,0,0,0,0,1,0,1,1375.3,-4.26422764227641,-0.0209537312897089,0.3100529701634549,-2.0763893464924266,0.004163649529326575,5,0,1,0,1
53644,Jun-15,8,12420,Texas,491,Williamson,21504.0,3.0,30.58013,-97.68139,,F&B Capital,Roscoe Property Management,Round Rock/Georgetown,Anatole at Westinghouse,600 Westinghouse Rd,Georgetown,78626,5126885025,2015,,,,250,879,3,,S,0,0,0,1,0,0,0,0,0,0,0,1,0,1,1065.0,0.7357723577235902,-0.029783911841774646,-0.12663135322436347,0.33362473466439,0.021340547039374824,10,1,0,0,1
53307,Jan-17,17,12420,Texas,491,Williamson,21507.0,1.0,30.56036,-97.67675,,The Carroll Companies,RE Carroll Management,Round Rock/Georgetown,Arrington Ridge,599 University Blvd,Round Rock,78665,5123886080,2017,,,,312,977,3,,S,0,0,0,0,0,0,1,0,0,0,0,1,0,1,1085.111111111111,2.73577235772359,0.0783857999210309,0.08996407117599436,1.4093947330733032,0.07203972591948249,8,0,1,0,1
44494,Dec-14,22,12420,Texas,453,Travis,1753.0,1.0,30.39232,-97.73824,,B&M Management,B&M Management,Arboretum,Ascent Arboretum,10011 Stonelake Blvd,Austin,78759,5123431600,2015,,,,330,809,4,,S,0,0,0,1,0,0,0,0,0,0,0,1,0,1,1404.3478260869565,0.7357723577235902,-0.10704799167235002,0.15284661374384023,0.3663411041088581,0.08093721007902112,10,0,1,0,1
26436,Sep-09,13,12420,Texas,453,Travis,1100.0,1.0,30.26413,-97.74536,,MetLife Real Estate Investments,Greystar,Downtown/University,Ashton Austin,101 Colorado St,Austin,78701,5122360872,2009,,,,259,1320,36,,S,0,0,0,0,1,0,0,0,0,0,0,1,0,1,2810.214285714286,-5.26422764227641,0.4569797910908504,-0.09519008194044054,-2.514057900199038,0.05935643399073234,16,1,0,0,1
57105,Aug-15,10,12420,Texas,453,Travis,1864.0,1.0,30.44094,-97.69525,,Strata Equity Group,Pinnacle,Pflugerville/Wells Branch,Aura 33Hundred,3300 Wells Branch Pkwy,Austin,78728,5122443300,2015,,,,348,880,3,,S,0,0,0,0,0,1,0,0,0,0,0,1,0,1,1181.6363636363637,0.7357723577235902,-0.02868013927276647,0.2157291563116861,0.4024279683423024,0.05386096273831434,10,0,1,0,1
19145,Apr-08,16,12420,Texas,453,Travis,1862.0,2.0,30.44821,-97.63049,,MIG Real Estate,Alliance Residential Company,Pflugerville/Wells Branch,Autumn Ranch on Swenson Farms,413 Swenson Farms Blvd,Pflugerville,78660,8332921840,2008,2019.0,,,336,1041,3,,S,0,0,0,0,1,0,0,0,0,0,0,1,0,1,839.3529411764706,-6.26422764227641,0.14902724433755687,0.17380746126645552,-3.0526441555836468,0.11222437633626348,6,1,0,0,1
19373,Apr-08,25,12420,Texas,453,Travis,1784.0,1.0,30.30943,-97.93741,,Christopher Investment Company,Christopher Investment Company,Southwest Austin,Avanti Hills at the Galleria,12601 Bee Cave Pkwy,Bee Cave,78738,5122632500,2008,,,,309,949,3,,S,0,0,0,0,0,0,1,0,0,0,0,1,0,1,1108.0384615384614,-6.26422764227641,0.04748016798880084,0.07948364741468672,-3.1019730412586273,0.2292858805455693,17,0,1,0,1
52711,Oct-15,19,12420,Texas,453,Travis,2304.0,1.0,30.24223,-97.72257,,Oracle Corporation,Greystar,Riverside,Azul Lakeshore,1201 Lady Bird Ln,Austin,78741,8553742953,2016,,,,295,776,5,,S,0,0,0,0,0,1,0,0,0,0,0,1,0,1,1568.1,1.7357723577235902,-0.1434724864496213,0.030575003195251194,0.8309594335659589,0.045666541687743555,9,0,1,0,1
58032,Jul-17,13,12420,Texas,491,Williamson,21507.0,1.0,30.55928,-97.67495,,FSC Realty,Westwood Residential,Round Rock/Georgetown,Bartz Ranch,1100 Hidden Valley Dr,Round Rock,78665,5123887000,2018,,,,296,1042,3,,S,0,0,0,1,0,0,0,0,0,0,0,1,0,1,1257.2142857142858,3.73577235772359,0.15013101690656527,0.03406847778235367,1.9197391794902354,0.08453369393344823,7,0,1,0,1
52209,Mar-14,24,12420,Texas,453,Travis,1714.0,1.0,30.40011,-97.85056,,Bell Partners Inc,Bell Partners Inc,Far West Austin,Bell at Four Points,11210 FM 2222,Austin,78730,5123365500,2014,,,,344,1016,3,,S,0,0,0,0,0,0,0,1,0,0,0,1,0,1,1292.76,-0.2642276422764098,0.12143293011235157,0.20175525796327598,-0.05533289051184424,0.05788757197943726,11,0,1,0,1
19962,Mar-09,9,12420,Texas,491,Williamson,21504.0,2.0,30.57232,-97.65408,,Bell Partners Inc,Bell Partners Inc,Round Rock/Georgetown,Bell at Teravista,1700 University Blvd,Round Rock,78665,5123105856,2009,,,,318,920,3,,S,0,0,0,1,0,0,0,0,0,0,0,1,0,1,765.3,-5.26422764227641,0.015470763487562378,0.11092491869860965,-2.6052876083522145,0.1747913180771981,16,1,0,0,1
35687,Feb-12,8,12420,Texas,453,Travis,1740.0,2.0,30.18381,-97.85409,,Bell Partners Inc,Bell Partners Inc,Southwest Austin,Bell Austin Southwest,3621 W Slaughter Ln,Austin,78749,5122924200,2012,,,,272,908,3,,S,0,0,0,0,0,1,0,0,0,0,0,1,0,1,1205.5555555555557,-2.26422764227641,0.0022254926594638125,-0.04977491230810738,-1.1414011558019872,0.0,13,0,1,0,1
26420,Dec-09,5,12420,Texas,453,Travis,1908.0,2.0,30.24942,-97.89221,,Bell Partners Inc,Bell Partners Inc,Southwest Austin,Bell Hill Country,8600 W Highway 71,Austin,78735,5123949209,2009,2016.0,,,276,968,3,,S,0,0,0,0,0,1,0,0,0,0,0,1,0,1,948.6666666666666,-5.26422764227641,0.06845184679995686,-0.03580101395969726,-2.6187384698901575,0.10691271236086715,9,1,0,0,1
43125,Sep-10,5,12420,Texas,453,Travis,1737.0,3.0,30.2306,-97.87917,,Bell Partners Inc,Bell Partners Inc,Southwest Austin,Bell Quarry Hill,7000 Convict Hill Rd,Austin,78749,5122887900,2010,,,,148,872,3,,S,0,0,0,0,1,0,0,0,0,0,0,1,0,1,1138.0,-4.26422764227641,-0.03751031982483222,-0.48296576110882317,-2.239960069307419,0.0,15,0,1,0,1
37407,Dec-14,31,12420,Texas,453,Travis,2005.0,1.0,30.24318,-97.78119,,Bell Partners Inc,Bell Partners Inc,South Austin,Bell South Lamar,2717 S Lamar Blvd,Austin,78704,5124424356,2016,,,,357,865,6,,S,0,1,0,0,0,0,0,0,0,0,0,1,0,1,1647.71875,1.7357723577235902,-0.04523672780788979,0.24717042759560903,0.9037492460385499,0.06095287496626478,9,0,1,0,1
86202,Jan-18,12,12420,Texas,453,Travis,2407.0,1.0,30.15082,-97.79588,,Bell Partners Inc,Bell Partners Inc,Far South Austin,Bell Southpark,10600 Brezza Lane,Austin,78748,5125488226,2018,,,,330,870,3,,S,0,0,0,0,1,0,0,0,0,0,0,1,0,1,1328.8461538461538,3.73577235772359,-0.03971786496284868,0.15284661374384023,1.8865401421217085,0.0342624495701318,7,0,1,0,1
38381,Mar-15,14,12420,Texas,453,Travis,1760.0,1.0,30.38325,-97.87365,,Bell Partners Inc,Bell Partners Inc,Far West Austin,Bell Steiner Ranch,4800 Steiner Ranch Blvd,Austin,78732,5122664533,2016,,,,302,1079,4,,S,0,0,0,1,0,0,0,0,0,0,0,1,0,1,1415.6,1.7357723577235902,0.19097060195986937,0.05502932530496896,0.9361832245107496,0.062378237771113496,9,0,1,0,1
45569,Jul-15,12,12420,Texas,209,Hays,10805.0,4.0,30.19941,-97.98164,,GSSW Real Estate Investments,TriVest McNeil Real Estate,Southwest Austin,Belterra Springs,761 Trinity Hills Dr,Austin,78737,5122881700,2016,,,,152,950,2,,S,0,0,0,0,1,0,0,0,0,0,0,1,0,1,1318.3076923076924,1.7357723577235902,0.04858394055780901,-0.46899186276041294,0.7886629884770552,0.004511230121021169,9,0,1,0,1
50902,Aug-16,12,12420,Texas,453,Travis,1773.0,1.0,30.32049,-98.00526,,Berkshire Residential Investments,Berkshire Communities,Southwest Austin,Berkshire Lakeway,5313 Serene Hills Dr,Lakeway,78738,5126927125,2017,,,,350,1073,3,,S,0,0,0,0,1,0,0,0,0,0,0,1,0,1,1504.4615384615386,2.73577235772359,0.18434796654582009,0.22271610548589127,1.4677337899227194,0.04171754233029689,8,0,1,0,1
45127,Dec-15,13,12420,Texas,453,Travis,2429.0,1.0,30.1748,-97.77621,,Sherman Residential,Weinstein Properties,Southeast Austin,Bexley 3Five,8001 S IH 35 Frontage Rd,Austin,78744,8333469022,2016,,,,338,916,4,,S,0,0,0,1,0,0,0,0,0,0,0,1,0,1,1224.4285714285713,1.7357723577235902,0.011055673211529449,0.1807944104406607,0.907361762913386,0.0671899997569304,9,0,1,0,1
19170,Apr-08,13,12420,Texas,491,Williamson,20315.0,1.0,30.53235,-97.77883,,Weinstein Properties,Weinstein Properties,Cedar Park,Bexley at Silverado,12820 W Parmer Ln,Cedar Park,78613,5122600215,2007,,,,300,972,3,,S,0,0,0,1,0,0,0,0,0,0,0,1,0,1,881.2142857142857,-7.26422764227641,0.07286693707598979,0.048042376130763786,-3.600645264789255,0.07183865339524106,18,1,0,0,1
47606,Sep-13,9,12420,Texas,453,Travis,1839.0,1.0,30.39573,-97.65152,,Weinstein Properties,Weinstein Properties,North Central Austin,Bexley at Tech Ridge,1200 E Parmer Ln,Austin,78753,5127199000,2014,,,,342,927,2,,S,0,0,0,1,0,0,0,0,0,0,0,1,0,1,1002.7,-0.2642276422764098,0.023197171470619837,0.1947683087890708,-0.0862010079392048,0.0,11,0,1,0,1
47574,Nov-14,15,12420,Texas,491,Williamson,20311.0,1.0,30.47222,-97.79246,,Weinstein Properties,Weinstein Properties,Cedar Park,Bexley at Whitestone,9826 N Lake Creek Pkwy,Austin,78717,5129824340,2015,,,,340,1047,3,,S,0,0,0,0,0,1,0,0,0,0,0,1,0,1,1228.6875,0.7357723577235902,0.15564987975160638,0.18778135961486564,0.4521374147102501,0.015995625018850476,10,0,1,0,1
42731,Aug-15,11,12420,Texas,491,Williamson,20318.0,2.0,30.47363,-97.80963,,Weinstein Properties,Weinstein Properties,Cedar Park,Bexley Lakeline,2801 S Lakeline Blvd,Cedar Park,78613,8446614634,2016,,,,344,888,3,,S,0,0,0,1,0,0,0,0,0,0,0,1,0,1,1207.25,1.7357723577235902,-0.019849958720700722,0.20175525796327598,0.9022822428382401,0.0,9,0,1,0,1
81450,Aug-17,24,12420,Texas,491,Williamson,20110.0,1.0,30.63169,-97.70229,,Weinstein Properties,Weinstein Properties,Round Rock/Georgetown,Bexley Wolf Ranch,2300 Wolf Ranch Parkway,Georgetown,78628,5126885620,2018,,,,332,927,3,,S,0,0,0,0,0,1,0,0,0,0,0,1,0,1,1286.32,3.73577235772359,0.023197171470619837,0.1598335629180454,1.9068120428865902,0.05765340448797804,7,0,1,0,1
82239,Aug-18,10,12420,Texas,453,Travis,1842.0,2.0,30.42239,-97.59489,,,NE Property Management,Pflugerville/Wells Branch,Biltmore at the Park,16021 Biltmore Ave,Pflugerville,78660,5129901700,2018,,,,254,838,3,,S,0,0,0,0,0,0,0,1,0,0,0,1,0,1,1101.7272727272727,3.73577235772359,-0.07503858717111167,-0.11265745487595324,1.822843111735271,0.10434879569507265,7,0,1,0,1
45204,May-11,6,12420,Texas,209,Hays,10303.0,1.0,29.88236,-97.91048,,Meagher Family Trust,FPI Management,San Marcos,Blanco River Lodge,1650 River Rd,San Marcos,78666,5128056343,2011,,,,186,847,3,,S,0,0,0,0,1,0,0,0,0,0,0,1,0,1,922.1428571428571,-3.26422764227641,-0.06510463405003775,-0.3502137267989264,-1.7216879567130015,0.05986018616008674,14,0,1,0,1
52374,Jun-15,13,12420,Texas,491,Williamson,20411.0,1.0,30.46126,-97.75635,,Jackson Square Properties,Alliance Residential Company,Northwest Austin,Broadstone 8 One Hundred,8100 W Anderson Mill Rd,Austin,78729,8554227942,2016,,,,376,807,3,,S,0,0,1,0,0,0,0,0,0,0,0,1,0,1,1162.0714285714287,1.7357723577235902,-0.10925553681036648,0.3135464447505574,0.8978188067687967,0.027737258450782492,9,0,1,0,1
26404,Sep-09,12,12420,Texas,453,Travis,1857.0,1.0,30.45709,-97.66329,,Jackson Square Properties,Alliance Residential Company,Pflugerville/Wells Branch,Broadstone Grand Avenue,1720 Grand Ave Pkwy,Pflugerville,78660,5122511682,2009,,,,280,833,3,,S,0,0,0,1,0,0,0,0,0,0,0,1,0,1,876.6153846153846,-5.26422764227641,-0.08055745001615278,-0.02182711561128703,-2.660646479265308,0.07986950678930785,16,1,0,0,1
26391,Jul-09,2,12420,Texas,453,Travis,20504.0,4.0,30.46992,-97.69011,,Tricon Capital,Alliance Residential Company,Pflugerville/Wells Branch,Broadstone Travesia,3701 Quick Hill Rd,Austin,78728,5122489955,2009,,,,396,885,3,,S,0,0,1,0,0,0,0,0,0,0,0,1,0,1,892.0,-5.26422764227641,-0.023161276427725364,0.3834159364926084,-2.5623790167680007,0.00324271694797525,16,0,1,0,1
45066,May-14,9,12420,Texas,453,Travis,205.0,1.0,30.33005,-97.73925,,Intercontinental Real Estate,Greystar,Near North Austin,Burnet Flats,5453 Burnet Rd,Austin,78756,5122800332,2014,,,,185,790,5,,S,0,1,0,0,0,0,0,0,0,0,0,1,0,1,1370.9,-0.2642276422764098,-0.12801967048350626,-0.35370720138602896,-0.2412611625604626,0.04158489209694537,11,0,1,0,1
19776,Jun-08,11,12420,Texas,491,Williamson,20313.0,4.0,30.50444,-97.80258,,Camden Property Trust,Camden Property Trust,Cedar Park,Camden Brushy Creek,1101 Brushy Creek Rd,Cedar Park,78613,5122606969,2008,2017.0,,,272,883,2,,S,0,0,0,0,0,0,0,1,0,0,0,1,0,1,792.8333333333334,-6.26422764227641,-0.025368821565741828,-0.04977491230810738,-3.149679450069549,0.14990448238524776,8,1,0,0,1
19551,Apr-08,14,12420,Texas,453,Travis,1740.0,1.0,30.18964,-97.85643,,Camden Property Trust,Camden Property Trust,Southwest Austin,Camden Cedar Hills,4100 W Slaughter Ln,Austin,78749,5122825656,2008,,,,208,911,3,,S,0,1,0,0,0,0,0,0,0,0,0,1,0,1,1058.4666666666667,-6.26422764227641,0.005536810366488343,-0.2733572858826704,-3.185124235204792,0.046903536368646574,17,0,1,0,1
43357,Mar-15,2,12420,Texas,491,Williamson,20504.0,3.0,30.48195,-97.69309,,Camden Property Trust,Camden Property Trust,Round Rock/Georgetown,Camden La Frontera,1401 Hesters Crossing Rd,Round Rock,78681,5122555353,2015,,,,300,901,3,,S,0,0,0,1,0,0,0,0,0,0,0,1,0,1,1174.0,0.7357723577235902,-0.005500915323593869,0.048042376130763786,0.3758443794908697,0.00516744823192557,10,1,0,0,1
34951,Jul-14,11,12420,Texas,453,Travis,205.0,2.0,30.32251,-97.72898,,Camden Property Trust,Camden Property Trust,Near North Austin,Camden Lamar Heights,5400 N Lamar Blvd,Austin,78751,5124595400,2015,,,,314,838,5,,S,0,1,0,0,0,0,0,0,0,0,0,1,0,1,1442.75,0.7357723577235902,-0.07503858717111167,0.09695102035019953,0.3647648067805015,0.021832234194569825,10,0,1,0,1
49990,Jun-16,15,12420,Texas,453,Travis,1100.0,2.0,30.26011,-97.73756,,Camden Property Trust,Camden Property Trust,Downtown/University,Camden Rainey,91 Rainey St,Austin,78701,5128610298,2016,,,,326,873,8,,S,0,1,0,0,0,0,0,0,0,0,0,1,0,1,2098.125,1.7357723577235902,-0.03640654725582404,0.1388727153954301,0.8847387577641339,0.10004863834321182,9,0,1,0,1
37576,Nov-12,12,12420,Texas,453,Travis,1855.0,2.0,30.46754,-97.6042,,Centennial Holding Company LLC,First Communities,Pflugerville/Wells Branch,Century Stone Hill,1225 Town Center Dr,Pflugerville,78660,5122512450,2013,,,,370,953,4,,S,0,0,0,0,1,0,0,0,0,0,0,1,0,1,1159.8461538461538,-1.2642276422764098,0.051895258264833544,0.2925855972279421,-0.5580281242131664,0.002362415491166577,12,0,1,0,1
71860,Feb-17,29,12420,Texas,453,Travis,20504.0,4.0,30.46722,-97.68702,,W3 Luxury Living,First Community Management,Pflugerville/Wells Branch,Century Travesia,4301 Grand Ave Pkwy,Austin,78728,5128567518,2017,,,,445,1015,4,,S,0,0,0,0,0,1,0,0,0,0,0,1,0,1,1431.3333333333333,2.73577235772359,0.12032915754334317,0.554596191260633,1.5149041643769248,0.018720223355555475,8,0,1,0,1
80662,Aug-13,31,12420,Texas,453,Travis,1784.0,1.0,30.32616,-97.95771,,BSR Trust LLC,BSR Trust LLC,Southwest Austin,Cielo,3499 Ranch Rd 620 S,Austin,78738,5124029339,2014,,,,554,997,3,,S,0,0,0,0,1,0,0,0,0,0,0,1,0,1,1424.9375,-0.2642276422764098,0.10046125130119532,0.9353849212548107,0.08510153850311583,0.04004864218271079,11,0,1,0,1
20685,Mar-09,15,12420,Texas,491,Williamson,21507.0,1.0,30.54255,-97.67436,,Tricon Capital,Alliance Residential Company,Round Rock/Georgetown,City North at Sunrise Ranch,2800 Sunrise Rd,Round Rock,78665,5123100800,2009,,,,384,949,3,,S,0,0,0,0,0,0,0,1,0,0,0,1,0,1,767.0625,-5.26422764227641,0.04748016798880084,0.34149424144737783,-2.549570922452089,0.2697461902022731,16,1,0,0,1
41571,Sep-14,11,12420,Texas,453,Travis,1303.0,1.0,30.26478,-97.76213,,Kurt Simmons Co,Greystar,South Austin,Coldwater,1717 Toomey Rd,Austin,78704,5124800800,2015,,,,225,882,5,,S,0,1,0,0,0,0,0,0,0,0,0,1,0,1,2035.4166666666667,0.7357723577235902,-0.026472594134750005,-0.2139682179019271,0.3171507570409846,0.06576792578403735,10,0,1,0,1
26406,Sep-09,5,12420,Texas,453,Travis,1303.0,1.0,30.26286,-97.75856,,Phoenix Property Company,Lincoln Property Company,South Austin,Cole,300 S Lamar Blvd,Austin,78704,5124763003,2009,,,,119,1081,5,,S,0,1,0,0,0,0,0,0,0,0,0,1,0,1,1867.0,-5.26422764227641,0.19317814709788572,-0.5842765241347969,-2.6910156818357986,0.12192501767550616,16,1,0,0,1
18272,Oct-08,14,12420,Texas,491,Williamson,20704.0,1.0,30.5125,-97.65848,,Mid-America Apartment Communities ,Mid-America Apartment Communities ,Round Rock/Georgetown,Colonial Grand at Ashton Oaks,300 S A W Grimes Blvd,Round Rock,78664,5126718100,2009,,,,362,849,3,,S,0,0,0,0,0,1,0,0,0,0,0,1,0,1,810.8,-5.26422764227641,-0.06289708891202128,0.26463780053112185,-2.5980553877055867,0.03849094425661805,16,0,1,0,1
34037,Sep-12,10,12420,Texas,453,Travis,2407.0,1.0,30.14503,-97.80346,,Mid-America Apartment Communities ,Mid-America Apartment Communities ,Far South Austin,Colonial Grand at Double Creek,11001 S 1st St,Austin,78748,5122804444,2013,,,,296,939,3,,S,0,0,0,1,0,0,0,0,0,0,0,1,0,1,1108.6363636363637,-1.2642276422764098,0.036442442298718625,0.03406847778235367,-0.6143673928921186,0.007282585256153546,12,0,1,0,1
19124,Apr-08,11,12420,Texas,453,Travis,2407.0,1.0,30.13753,-97.80234,,Mid-America Apartment Communities ,Mid-America Apartment Communities ,Far South Austin,Colonial Grand at Onion Creek,1901 Onion Creek Pkwy,Austin,78748,8335212696,2009,,,,300,1042,2,,S,0,0,0,0,1,0,0,0,0,0,0,1,0,1,1041.9166666666667,-5.26422764227641,0.15013101690656527,0.048042376130763786,-2.5774660408400827,0.09244483150136722,16,0,1,0,1
19624,Dec-08,8,12420,Texas,453,Travis,1851.0,3.0,30.4421,-97.67057,,Mid-America Apartment Communities ,Mid-America Apartment Communities ,Pflugerville/Wells Branch,Colonial Grand at Wells Branch,1630 Wells Branch Pkwy,Austin,78728,8332131618,2008,,,,336,933,3,,S,0,0,0,0,0,1,0,0,0,0,0,1,0,1,857.4444444444445,-6.26422764227641,0.02981980688466912,0.17380746126645552,-3.0884063868195133,0.13994595115281083,17,1,0,0,1
66090,Jul-16,39,12420,Texas,453,Travis,2427.0,3.0,30.18042,-97.77082,,Aspen Heights Partners,B&M Management,Southeast Austin,Concord,7330 Bluff Springs Rd,Austin,78744,5122125344,2016,,,,346,1019,3,,S,0,0,0,0,0,1,0,0,0,0,0,1,0,1,1325.125,1.7357723577235902,0.1247442478193761,0.20874220713748093,0.9470578946351041,0.058182758306063245,9,0,1,0,1
37409,Dec-14,19,12420,Texas,453,Travis,902.0,4.0,30.26404,-97.73209,,Goldrich Kest,Roscoe Property Management,East Austin,Corazon,1000 E 5th St,Austin,78702,5124763278,2015,,,,256,832,6,,S,1,0,0,0,0,0,0,0,0,0,0,1,0,1,1421.85,0.7357723577235902,-0.08166122258516095,-0.10567050570174819,0.32225371094589716,0.04349676422297258,10,0,1,0,1
49698,Mar-14,15,12420,Texas,491,Williamson,20703.0,2.0,30.48529,-97.65431,,Internacional Realty,Internacional Realty,Round Rock/Georgetown,Cordevalle Apartments,650 Louis Henna Blvd,Round Rock,78664,5123887300,2014,,,,280,788,3,,S,0,0,0,1,0,0,0,0,0,0,0,1,0,1,1070.5,-0.2642276422764098,-0.13022721562152273,-0.02182711561128703,-0.17554740894691914,0.0013748854262144812,11,0,1,0,1
44461,Oct-15,11,12420,Texas,453,Travis,2407.0,1.0,30.13879,-97.7999,,Cortland,Cortland,Far South Austin,Cortland Onion Creek,1900 Onion Creek Pkwy,Austin,78748,5122919100,2016,,,,276,828,4,,S,0,0,0,1,0,0,0,0,0,0,0,1,0,1,1148.0,1.7357723577235902,-0.08607631286119388,-0.03580101395969726,0.8349030822114976,0.06487073588243372,9,0,1,0,1
19836,Mar-09,20,12420,Texas,453,Travis,2421.0,1.0,30.16052,-97.79704,,Cortland,Cortland,Far South Austin,Cortland Southpark Estates II,10001 S 1st St,Austin,78748,5122911300,2009,2020.0,,,426,879,3,,S,0,0,0,1,0,0,0,0,0,0,0,1,0,1,867.7619047619048,-5.26422764227641,-0.029783911841774646,0.48822017410568463,-2.5434049598696005,0.18565551067124655,5,1,0,0,1
19837,Mar-09,20,12420,Texas,453,Travis,2421.0,1.0,30.16221,-97.7962,,Cortland,Cortland,Far South Austin,Cortland Southpark Terraces,10001 S 1st St,Austin,78748,5122334747,2009,2021.0,,,244,926,3,,R,0,0,0,1,0,0,0,0,0,0,0,1,0,1,935.7142857142857,-5.26422764227641,0.02209339890161166,-0.14759220074697876,-2.6550042416171173,0.20732254432602376,4,1,0,0,1
66166,Oct-16,1,12420,Texas,491,Williamson,20708.0,3.0,30.5105,-97.63759,,Tim Timmerman,NE Property Management,Round Rock/Georgetown,Creekside at Kenney`s Fort,1100 Kenney Fort Blvd,Round Rock,78665,5128426522,2017,,,,250,869,3,,S,0,0,0,0,0,1,0,0,0,0,0,1,0,1,1109.0,2.73577235772359,-0.04082163753185686,-0.12663135322436347,1.3303134169573654,0.0,8,0,1,0,1
70694,Aug-18,25,12420,Texas,453,Travis,1842.0,1.0,30.36965,-97.6202,,Galesi Group,Westdale Asset Management,East Austin,Creekside on Parmer Lane,5401 E Parmer Ln,Austin,78754,5122336690,2019,,,,300,967,3,,S,0,0,0,1,0,0,0,0,0,0,0,1,0,1,1326.2692307692307,4.73577235772359,0.06734807423094868,0.048042376130763786,2.3976990763572323,0.04596317505823218,6,0,1,0,1
19965,Aug-08,11,12420,Texas,453,Travis,1401.0,1.0,30.25555,-97.74583,,Turnbridge Equities,Roscoe Property Management,South Austin,Crescent,127 E Riverside Dr,Austin,78704,5124401270,2008,2021.0,,,157,699,5,,R,0,1,0,0,0,0,0,0,0,0,0,1,0,1,1300.5833333333333,-6.26422764227641,-0.22846297426325424,-0.45152448982490023,-3.290957611382161,0.07528170003335828,4,0,1,0,1
41406,Sep-09,12,12420,Texas,491,Williamson,21507.0,1.0,30.53697,-97.68154,,Crest Asset Management,Crest Asset Management,Round Rock/Georgetown,Crest at Round Rock,610 Greenhill Dr,Round Rock,78665,5127330100,2009,,,,224,778,3,,S,0,0,0,0,1,0,0,0,0,0,0,1,0,1,796.7692307692307,-5.26422764227641,-0.14126494131160483,-0.2174616924890297,-2.7179856420294923,0.0985736441344404,16,1,0,0,1
42294,Dec-18,6,12420,Texas,453,Travis,1504.0,1.0,30.34103,-97.71783,,Verbena Road Holdings,Lincoln Property Company,Near North Austin,Crestview Commons,801 Sugaree Ave,Austin,78757,5128067192,2018,,,,353,826,4,,S,1,0,0,0,0,0,0,0,0,0,0,1,0,1,1476.857142857143,3.73577235772359,-0.08828385799921035,0.2331965292471989,1.8880403273114719,0.12345505643109712,7,1,0,0,1
35677,Aug-12,14,12420,Texas,453,Travis,2308.0,2.0,30.23637,-97.75194,,CIM Group,CIM Group,South Austin,District at SoCo,501 E Oltorf St,Austin,78704,5123262111,2012,,,,215,915,4,,S,0,1,0,0,0,0,0,0,0,0,0,1,0,1,1721.9333333333334,-2.26422764227641,0.009951900642521272,-0.2489029637729525,-1.178908843700039,0.050022486673899316,13,0,1,0,1
66089,Jan-18,12,12420,Texas,453,Travis,902.0,2.0,30.25977,-97.716,,AEW Capital Management,Greystar,East Austin,E6,2400 E 6th St,Austin,78702,8447285943,2018,,,,208,820,5,,S,0,1,0,0,0,0,0,0,0,0,0,1,0,1,1768.6153846153845,3.73577235772359,-0.09490649341325963,-0.2733572858826704,1.784742773661283,0.10401754822622941,7,0,1,0,1
56313,Dec-15,29,12420,Texas,453,Travis,902.0,4.0,30.26106,-97.72529,,RangeWater Real Estate LLC,RangeWater Real Estate LLC,East Austin,Eastside Station,1700 E 4th St,Austin,78702,5124828002,2017,,,,330,775,4,,S,0,1,0,0,0,0,0,0,0,0,0,1,0,1,1679.2333333333333,2.73577235772359,-0.14457625901862958,0.15284661374384023,1.3550826239049742,0.08497294247410887,8,0,1,0,1
44001,Dec-14,8,12420,Texas,453,Travis,203.0,1.0,30.31448,-97.73594,,JLB Partners,JLB Partners,Near North Austin,Echo,4527 N Lamar Blvd,Austin,78751,5125339200,2015,,,,274,880,6,,S,0,1,0,0,0,0,0,0,0,0,0,1,0,1,1540.5555555555557,0.7357723577235902,-0.02868013927276647,-0.04278796313390232,0.3507245444531847,0.09869210095305454,10,0,1,0,1
86303,Jul-18,16,12420,Texas,453,Travis,1840.0,1.0,30.4323,-97.66903,,Lantower Residential,Lantower Residential,Pflugerville/Wells Branch,Edgewater,14201 N Interstate Hwy 35,Pflugerville,78660,5129564141,2018,,,,326,785,3,,S,0,0,0,1,0,0,0,0,0,0,0,1,0,1,1224.235294117647,3.73577235772359,-0.13353853332854737,0.1388727153954301,1.8555991619423169,0.07297451672743854,7,0,1,0,1
82302,Feb-19,12,12420,Texas,453,Travis,2314.0,2.0,30.2313,-97.71871,,Presidium Group,Presidium Group,Riverside,Edison,4711 E Riverside Dr,Austin,78741,5123857778,2019,,,,354,956,4,,S,0,0,1,0,0,0,0,0,0,0,0,1,0,1,1716.1538461538462,4.73577235772359,0.055206575971858296,0.2366900038343014,2.4317861524202127,0.058108614258627816,6,0,1,0,1
42296,Mar-14,11,12420,Texas,453,Travis,402.0,1.0,30.28615,-97.71002,,Eaton Vance,Greystar,East Austin,Elan East,2900 Manor Rd,Austin,78722,5125242900,2014,,,,251,728,5,,S,0,1,0,0,0,0,0,0,0,0,0,1,0,1,1327.6666666666667,-0.2642276422764098,-0.1964535697620159,-0.12313787863726089,-0.21567746779426183,0.024047819439158166,11,0,1,0,1
59175,Nov-17,16,12420,Texas,453,Travis,1503.0,4.0,30.32372,-97.71352,,Greystar,Greystar,North Central Austin,Elan Parkside I,609 Clayton Ln,Austin,78752,5122983333,2018,,,,255,878,5,,S,1,0,0,0,0,0,0,0,0,0,0,1,0,1,1491.764705882353,3.73577235772359,-0.030887684410782934,-0.10916398028885066,1.83678707748079,0.10527445155276138,7,0,1,0,1
37272,Oct-13,12,12420,Texas,453,Travis,901.0,2.0,30.26979,-97.73225,,GID Real Estate Investments,Windsor Communities,East Austin,Eleven,811 E 11th St,Austin,78702,5122368111,2014,,,,257,797,4,,S,0,1,0,0,0,0,0,0,0,0,0,1,0,1,1704.076923076923,-0.2642276422764098,-0.1202932625004487,-0.1021770311146456,-0.18863720611126866,0.02740305724097821,11,0,1,0,1
86205,Feb-18,17,12420,Texas,453,Travis,1858.0,2.0,30.45466,-97.59184,,Eaton Vance,Greystar,Pflugerville/Wells Branch,Enclave Falcon Pointe,2132 Falcon Village Lane,Pflugerville,78660,5122527000,2018,,,,324,950,3,,S,0,0,0,0,0,1,0,0,0,0,0,1,0,1,1280.388888888889,3.73577235772359,0.04858394055780901,0.13188576622122494,1.9088385142733828,0.07511194497222554,7,0,1,0,1
70684,Mar-18,12,12420,Texas,453,Travis,2407.0,2.0,30.12362,-97.80652,,JCI Residential,Steadfast Companies,Far South Austin,Estancia Villas,1200 Estancia Pkwy,Austin,78748,5122914040,2018,,,,312,837,3,,S,0,0,0,0,0,1,0,0,0,0,0,1,0,1,1162.1538461538462,3.73577235772359,-0.07614235974011996,0.08996407117599436,1.863036285174958,0.0026855937080376003,7,0,1,0,1
38849,Aug-14,36,12420,Texas,453,Travis,1773.0,1.0,30.32053,-97.95694,,Internacional Realty,Internacional Realty,Southwest Austin,Estates at Bee Cave,3544 Ranch Rd 620 S,Austin,78738,8332430736,2015,,,,316,973,3,,S,0,0,0,1,0,0,0,0,0,0,0,1,0,1,1337.5675675675675,0.7357723577235902,0.07397070964499797,0.1039379695244047,0.41086498566017543,0.06440307537867582,10,0,1,0,1
43844,Feb-14,14,12420,Texas,453,Travis,2429.0,1.0,30.1748,-97.77621,,Sherman Residential,Sherman Residential,Southeast Austin,Ethos Apartments,8001 S IH 35 Frontage Rd,Austin,78744,5124079918,2014,,,,370,897,3,,S,0,0,0,1,0,0,0,0,0,0,0,1,0,1,1200.1333333333334,-0.2642276422764098,-0.009916005599626687,0.2925855972279421,-0.0765715033725045,0.031413824914323873,11,0,1,0,1
70690,Jul-17,12,12420,Texas,453,Travis,2428.0,2.0,30.14431,-97.79304,,The Ergas Group,The Tipton Group,Southeast Austin,Farmhouse,10801 S IH 35 Frontage Rd,Austin,78747,5122921330,2017,,,,235,855,4,,S,0,0,0,1,0,0,0,0,0,0,0,1,0,1,1244.5384615384614,2.73577235772359,-0.056274453497972,-0.17903347203090159,1.315197148406223,0.08438086057115059,8,0,1,0,1
71391,Feb-19,9,12420,Texas,453,Travis,1503.0,1.0,30.31643,-97.71479,,Journeyman Group,JCI Residential,Near North Austin,Flora,5406 Middle Fiskville Rd,Austin,78751,5123235672,2019,,,,194,755,4,,S,1,0,0,0,0,0,0,0,0,0,0,1,0,1,1477.3,4.73577235772359,-0.1666517103987939,-0.322265930102106,2.2534374797217356,0.01864272089912909,6,0,1,0,1
34164,Mar-10,14,12420,Texas,453,Travis,1768.0,1.0,30.23525,-97.91733,,The Praedium Group,Pinnacle,Southwest Austin,Fox Hill,8800 Highway 290 W,Austin,78736,5122884900,2010,,,,288,1066,3,,S,0,0,0,0,0,1,0,0,0,0,0,1,0,1,935.7333333333333,-4.26422764227641,0.1766215585627624,0.006120681085533208,-2.0779032173522696,0.1007860169387819,15,0,1,0,1
37791,Jan-14,10,12420,Texas,453,Travis,1200.0,2.0,30.26751,-97.75407,,Gables Residential,Gables Residential,Downtown/University,Gables Park Tower,111 Sandra Muraida Way,Austin,78703,5124720111,2014,,,,223,1006,18,,S,0,1,0,0,0,0,0,0,0,0,0,1,0,1,3021.909090909091,-0.2642276422764098,0.11039520442226936,-0.22095516707613216,-0.14318629322675053,0.0014742014742014726,11,0,1,0,1
59808,Aug-15,4,12420,Texas,453,Travis,1849.0,1.0,30.39673,-97.72037,,Lincoln Property Company,Lincoln Property Company,North Central Austin,Gallery at Domain,11119 Alterra Pkwy,Austin,78758,5128219353,2015,,,,316,785,4,,S,0,1,0,0,0,0,0,0,0,0,0,1,0,1,1422.2,0.7357723577235902,-0.13353853332854737,0.1039379695244047,0.34861221276811183,0.034143097807660054,10,0,1,0,1
91009,Feb-18,11,12420,Texas,453,Travis,1849.0,1.0,30.39673,-97.72037,,Columbus Realty Partners,Lincoln Property Company,North Central Austin,Gallery at Domain Edge and Parkside,11119 Alterra Pkwy,Austin,78758,5128219353,2018,,,,587,778,4,,S,0,1,0,0,0,0,0,0,0,0,0,1,0,1,1609.4166666666667,3.73577235772359,-0.14126494131160483,1.0506695826291947,2.0356406129941527,0.006918435289221808,7,0,1,0,1
36483,Oct-13,12,12420,Texas,453,Travis,1303.0,2.0,30.25405,-97.76196,,BlackRock,Greystar,South Austin,Gibson Flats,1219 S Lamar Blvd,Austin,78704,5123269000,2014,,,,202,778,5,,S,0,1,0,0,0,0,0,0,0,0,0,1,0,1,1708.3846153846155,-0.2642276422764098,-0.14126494131160483,-0.2943181334052857,-0.23335693021274348,0.024201211138490573,11,0,1,0,1
66159,Apr-17,13,12420,Texas,453,Travis,1745.0,1.0,30.43297,-97.73903,,IMT Capital,IMT Residential,Northwest Austin,Griffis at Riata,5075 Diehl Trail,Austin,78727,5126437394,2017,,,,307,931,3,,S,0,0,0,0,1,0,0,0,0,0,0,1,0,1,1447.857142857143,2.73577235772359,0.027612261746652766,0.07249669824048177,1.3906691970338874,0.00047338523038081067,8,0,1,0,1
19841,Dec-08,5,12420,Texas,453,Travis,2429.0,1.0,30.17105,-97.78197,,Griffis Residential,Griffis Residential,Southeast Austin,Griffis Southpark,8515 S IH 35 Frontage Rd,Austin,78744,5129910759,2008,,,,328,907,2,,S,0,0,0,0,1,0,0,0,0,0,0,1,0,1,905.0,-6.26422764227641,0.0011217200904554137,0.14585966456963506,-3.1026053721971416,0.12207642427321558,17,1,0,0,1
86194,Aug-17,15,12420,Texas,453,Travis,2004.0,1.0,30.23886,-97.78782,,"Jones Lang LaSalle Americas, Inc.",Lincoln Property Company,South Austin,Groves South Lamar,3607 S Lamar Blvd,Austin,78704,5124443607,2018,,,,307,776,5,,S,0,1,0,0,0,0,0,0,0,0,0,1,0,1,1687.4375,3.73577235772359,-0.1434724864496213,0.07249669824048177,1.839343772575005,0.043231305112274035,7,0,1,0,1
71730,Jul-16,11,12420,Texas,209,Hays,10910.0,2.0,30.0186,-97.84431,,The Blackburn Group,Roscoe Property Management,San Marcos,Hays Junction I,828 Bebee Rd,Kyle,78640,5123129427,2017,,,,207,772,3,,S,0,0,0,0,0,1,0,0,0,0,0,1,0,1,999.4166666666666,2.73577235772359,-0.14788757672565422,-0.27685076046977297,1.268149753750144,0.0225539968291264,8,0,1,0,1
86196,Oct-17,9,12420,Texas,209,Hays,10910.0,2.0,30.0186,-97.84431,,Blackburn Communities,Roscoe Property Management,San Marcos,Hays Junction II,828 Bebee Rd,Kyle,78640,5123129427,2018,,,,102,828,3,,S,0,0,0,0,0,1,0,0,0,0,0,1,0,1,1095.9,3.73577235772359,-0.08607631286119388,-0.6436655921155403,1.7133301665803289,0.049641493251264525,7,0,1,0,1
52258,Dec-15,7,12420,Texas,453,Travis,1785.0,1.0,30.4375,-97.73141,,Estein USA,Lincoln Property Company,Northwest Austin,HighLine,13201 Legendary Dr,Austin,78727,8555195188,2016,,,,256,890,3,,S,0,0,0,0,1,0,0,0,0,0,0,1,0,1,1253.5,1.7357723577235902,-0.017642413582684258,-0.10567050570174819,0.8414593536466402,0.0,9,0,1,0,1
10255580,May-19,5,12420,Texas,21,Bastrop,950300.0,5.0,30.10773,-97.3528,,Privately Owned,Capstone Real Estate Services,Southeast Austin,Hunters Crossing Apartments,1006 Home Depot Way,Bastrop,78602,5122707239,2019,,,,182,833,3,,S,0,0,0,0,0,1,0,0,0,0,0,1,0,1,1160.5,4.73577235772359,-0.08055745001615278,-0.3641876251473366,2.270881418827482,0.0,6,1,0,0,1
37329,Jun-13,4,12420,Texas,453,Travis,1849.0,1.0,30.3986,-97.72207,,IMT Capital,IMT Residential,North Central Austin,IMT at The Domain,3001 Esperanza Crossing,Austin,78758,5124900808,2013,,,,228,891,4,,S,1,0,0,0,0,0,0,0,0,0,0,1,0,1,1361.4,-1.2642276422764098,-0.01653864101367608,-0.20348779414061946,-0.6777729722704317,0.0,12,0,1,0,1
44462,Oct-13,10,12420,Texas,453,Travis,2421.0,1.0,30.17348,-97.80274,,IMT Capital,IMT Residential,Far South Austin,IMT Southpark North,715 W Slaughter Ln,Austin,78748,5122928810,2014,,,,286,857,3,,S,0,0,0,0,1,0,0,0,0,0,0,1,0,1,1111.4545454545455,-0.2642276422764098,-0.054066908359955534,-0.00086626808867174,-0.14850714726392591,0.026503299937295763,11,0,1,0,1
44464,Jan-16,17,12420,Texas,453,Travis,2421.0,1.0,30.17348,-97.80274,,IMT Capital,IMT Residential,Far South Austin,IMT Southpark South,715 W Slaughter Ln,Austin,78748,5122928810,2016,,,,283,859,3,,S,0,0,0,1,0,0,0,0,0,0,0,1,0,1,1190.888888888889,1.7357723577235902,-0.05185936322193907,-0.011346691849979385,0.8500590315252174,0.04918615200326381,9,0,1,0,1
71149,Feb-18,9,12420,Texas,453,Travis,902.0,4.0,30.26253,-97.72472,,Iconiq Capital,Lincoln Property Company,East Austin,Indie,1630 E 6th St,Austin,78702,5124746343,2018,,,,139,410,5,,S,0,1,0,0,0,0,0,0,0,0,0,1,0,1,1304.0,3.73577235772359,-0.5474532467066298,-0.5144070323927461,1.6007687983712569,0.13341261951914757,7,0,1,0,1
38377,Apr-13,11,12420,Texas,491,Williamson,20311.0,1.0,30.48119,-97.79255,,TA Associates Realty,Greystar,Cedar Park,Indigo,10800 Lakeline Blvd,Austin,78717,5125242583,2013,,,,325,908,3,,S,0,0,0,1,0,0,0,0,0,0,0,1,0,1,1055.3333333333333,-1.2642276422764098,0.0022254926594638125,0.13537924080832742,-0.6043703251787003,0.026406080161193137,12,0,1,0,1
44496,Jun-15,16,12420,Texas,453,Travis,2423.0,3.0,30.17549,-97.79957,,Bluerock Residential ,Roscoe Property Management,Far South Austin,James on South First,8800 S 1st St,Austin,78748,5122821600,2016,,,,250,905,3,,S,0,0,0,1,0,0,0,0,0,0,0,1,0,1,1214.235294117647,1.7357723577235902,-0.00108582504756094,-0.12663135322436347,0.8422341607026541,0.04136061771477054,9,0,1,0,1
44456,Feb-14,11,12420,Texas,453,Travis,1849.0,1.0,30.39869,-97.72359,,Heitman,Greystar,North Central Austin,Kenzie at the Domain,3201 Esperanza Crossing,Austin,78758,5128361100,2014,,,,279,851,6,,S,0,1,0,0,0,0,0,0,0,0,0,1,0,1,1529.0833333333333,-0.2642276422764098,-0.06068954377400482,-0.025320590198389614,-0.15538480231008428,0.013978083193798242,11,0,1,0,1
41412,Mar-10,6,12420,Texas,491,Williamson,20504.0,3.0,30.48407,-97.68559,,Tonti Properties,Tonti Properties,Round Rock/Georgetown,La Frontera Square,2601 LA Frontera Blvd,Round Rock,78681,5122446111,2009,,,,412,846,4,,S,1,0,0,0,0,0,0,0,0,0,0,1,0,1,875.0,-5.26422764227641,-0.06620840661904592,0.4393115298862491,-2.564114037146669,0.05234542327366098,16,1,0,0,1
36480,Nov-12,9,12420,Texas,453,Travis,2422.0,2.0,30.18187,-97.7769,,Privately Owned,Greystar,Far South Austin,Ladera,7500 S Interstate 35,Austin,78745,5125245000,2013,,,,311,876,3,,S,0,0,1,0,0,0,0,0,0,0,0,1,0,1,1087.5,-1.2642276422764098,-0.03309522954879929,0.08647059658889189,-0.6247482706850663,0.035899513023557386,12,0,1,0,1
71736,Jul-17,14,12420,Texas,491,Williamson,20318.0,2.0,30.47266,-97.81223,,Provident Realty Advisors,Lincoln Property Company,Cedar Park,Lakeline Crossing I,13010 Ridgeline Blvd,Cedar Park,78613,5128723433,2017,,,,301,863,3,,S,0,0,0,0,0,1,0,0,0,0,0,1,0,1,1135.0666666666666,2.73577235772359,-0.04744427294590614,0.05153585071786648,1.3639600671215966,0.11389939166320116,8,0,1,0,1
38376,Sep-13,11,12420,Texas,491,Williamson,20318.0,2.0,30.47478,-97.80779,,Bassham Properties,Bassham Properties,Cedar Park,Lakeline East,2829 S Lakeline Blvd,Cedar Park,78613,5126294334,2014,,,,348,860,3,,S,0,0,0,1,0,0,0,0,0,0,0,1,0,1,1079.5,-0.2642276422764098,-0.05075559065293089,0.2157291563116861,-0.10419466707174696,0.0,11,0,1,0,1
36484,Oct-14,27,12420,Texas,453,Travis,1303.0,2.0,30.25569,-97.76306,,TA Realty,Greystar,South Austin,Lamar Union,1100 S Lamar Blvd Suite 3130,Austin,78704,5125245500,2016,,,,442,817,5,,S,0,1,0,0,0,0,0,0,0,0,0,1,0,1,1826.9642857142858,1.7357723577235902,-0.09821781112028427,0.5441157674993253,0.9472439890255748,0.048550881307681905,9,0,1,0,1
53330,Feb-15,8,12420,Texas,453,Travis,1908.0,2.0,30.25961,-97.90225,,Oden Hughes LLC,Alliance Residential Company,Southwest Austin,Landmark Conservancy,9301 Old Bee Cave Rd,Austin,78735,5122884600,2015,,,,240,832,4,,S,0,0,1,0,0,0,0,0,0,0,0,1,0,1,1198.888888888889,0.7357723577235902,-0.08166122258516095,-0.16156609909538888,0.31107459226716905,0.03565912006054181,10,0,1,0,1
86185,Sep-17,21,12420,Texas,453,Travis,1840.0,1.0,30.43367,-97.66917,,Lantower Residential,Lantower Residential,Pflugerville/Wells Branch,Lantower Ambrosio,14301 N Interstate Hwy 35,Pflugerville,78660,5127142742,2017,,,,370,753,3,,S,0,0,0,1,0,0,0,0,0,0,0,1,0,1,1134.090909090909,2.73577235772359,-0.16885925553681036,0.2925855972279421,1.3757455216463403,0.0783588335108069,8,0,1,0,1
57279,May-16,16,12420,Texas,453,Travis,1840.0,1.0,30.43,-97.66601,,Lantower Residential,Lantower Residential,Pflugerville/Wells Branch,Lantower Tech Ridge,14233 The Lakes Blvd,Pflugerville,78660,5122534880,2017,,,,375,726,3,,S,0,0,0,0,1,0,0,0,0,0,0,1,0,1,1081.3529411764705,2.73577235772359,-0.19866111490003235,0.3100529701634549,1.3702984384244763,0.006310708732254879,8,0,1,0,1
20040,Mar-09,19,12420,Texas,491,Williamson,21507.0,1.0,30.5573,-97.67629,,Bassham Properties,Bassham Properties,Round Rock/Georgetown,Las Brisas Luxury Apartment Homes,901 Hidden Valley Dr,Round Rock,78665,5123100600,2009,2019.0,,,414,990,3,,S,0,0,0,0,0,1,0,0,0,0,0,1,0,1,883.5,-5.26422764227641,0.09273484331813764,0.44629847906045406,-2.5150336723306728,0.1694443233369532,6,1,0,0,1
64775,Feb-18,22,12420,Texas,491,Williamson,20315.0,2.0,30.52237,-97.77248,,Carter Haston,Carter Haston,Cedar Park,Latitude at Presidio,3440 Ranch Trails,Cedar Park,78613,5126462233,2018,,,,337,1018,4,,S,0,0,0,1,0,0,0,0,0,0,0,1,0,1,1343.2608695652175,3.73577235772359,0.12364047525036792,0.177300935853558,1.940438508607617,0.10385755201875173,7,0,1,0,1
33925,Feb-10,13,12420,Texas,491,Williamson,20311.0,1.0,30.47715,-97.79333,,The Easton Group,Roscoe Property Management,Cedar Park,Legends Lakeline,9725 N Lake Creek Pkwy,Austin,78717,5122578700,2010,,,,222,965,4,,S,0,0,0,1,0,0,0,0,0,0,0,1,0,1,988.5,-4.26422764227641,0.06514052909293233,-0.22444864166323475,-2.1574613907429723,0.1347893793205426,15,0,1,0,1
65626,Sep-17,12,12420,Texas,453,Travis,2304.0,3.0,30.23877,-97.72054,,Oden Hughes LLC,Alliance Residential Company,Riverside,Lenox Boardwalk,2515 Elmont Dr,Austin,78741,5124427000,2018,,,,338,816,5,,S,0,1,0,0,0,0,0,0,0,0,0,1,0,1,1630.0,3.73577235772359,-0.09932158368929256,0.1807944104406607,1.8742485858431395,0.06816666959402913,7,0,1,0,1
76201,Oct-17,12,12420,Texas,453,Travis,2407.0,1.0,30.15093,-97.79275,,Oden Hughes LLC,Alliance Residential Company,Far South Austin,Lenox Springs I,10500 S IH 35 Frontage Rd,Austin,78748,5122808000,2018,,,,400,825,3,,S,0,0,0,1,0,0,0,0,0,0,0,1,0,1,1211.4615384615386,3.73577235772359,-0.08938763056821852,0.39738983484101853,1.9205478566595333,0.08313583985318464,7,0,1,0,1
53642,Jul-14,12,12420,Texas,491,Williamson,21507.0,1.0,30.55904,-97.67327,,Passco Companies,Fogelman Management Group,Round Rock/Georgetown,Lone Oak,1201 Hidden Valley Dr,Round Rock,78665,5122466257,2015,,,,304,986,3,,S,0,0,0,0,0,1,0,0,0,0,0,1,0,1,1172.1538461538462,0.7357723577235902,0.08831975304210493,0.06201627447917413,0.4067853596702614,0.021521605300535398,10,0,1,0,1
36477,Aug-12,10,12420,Texas,453,Travis,1823.0,2.0,30.37643,-97.68557,,F&B Capital,United Apartment Group,North Central Austin,Lotus Village,300 Ferguson Dr,Austin,78753,5128212550,2012,,,,222,922,4,,S,0,0,0,0,0,1,0,0,0,0,0,1,0,1,963.4545454545455,-2.26422764227641,0.01767830862557873,-0.22444864166323475,-1.1717000568831784,0.006325051904663945,13,0,1,0,1
51760,Jul-16,16,12420,Texas,453,Travis,1505.0,2.0,30.34216,-97.73802,,CWS Apartments,CWS Apartments,Near North Austin,Marq on Burnet,6701 Burnet Rd,Austin,78757,5122675223,2016,,,,343,747,5,,S,0,1,0,0,0,0,0,0,0,0,0,1,0,1,1521.235294117647,1.7357723577235902,-0.17548189095085975,0.19826178337617328,0.8548939682517719,0.05416213746465561,9,1,0,0,1
58357,Apr-16,11,12420,Texas,453,Travis,401.0,2.0,30.29191,-97.72312,,CWS Apartments,CWS Apartments,Downtown/University,Marq Uptown,3320 Harmon Ave,Austin,78705,5124543320,2016,,,,265,877,5,,S,0,1,0,0,0,0,0,0,0,0,0,1,0,1,1728.5,1.7357723577235902,-0.03199145697979111,-0.07422923441782525,0.8434428948842927,0.035222916183479495,9,0,1,0,1
19960,Aug-08,13,12420,Texas,453,Travis,1835.0,1.0,30.38161,-97.65416,,CWS Capital Partners LLC,CWS Apartments,East Austin,Marquis at Canyon Ridge,12000 Dessau Rd,Austin,78754,5128373333,2008,,,,264,880,3,,S,0,0,0,0,0,1,0,0,0,0,0,1,0,1,845.4285714285714,-6.26422764227641,-0.02868013927276647,-0.07772270900492784,-3.1562624047210206,0.10347227719508875,17,0,1,0,1
58950,Sep-10,8,12420,Texas,491,Williamson,20804.0,1.0,30.50799,-97.58863,,CWS Apartments,CWS Apartments,Round Rock/Georgetown,Marquis at Star Ranch,605 Winterfield Dr,Hutto,78634,5129908777,2010,,,,402,1026,4,,S,0,0,0,1,0,0,0,0,0,0,0,1,0,1,1059.888888888889,-4.26422764227641,0.13247065580243356,0.4043767840152235,-2.01149726759443,0.020375652473802235,15,0,1,0,1
19622,May-08,11,12420,Texas,491,Williamson,20311.0,1.0,30.47601,-97.77454,,Privately Owned,CWS Apartments,Cedar Park,Marquis Lakeline Station,13730 Ranch Rd 620 N,Austin,78717,5123353730,2008,,,,344,1012,3,,S,0,0,0,0,0,0,0,1,0,0,0,1,0,1,895.0833333333334,-6.26422764227641,0.11701783983631864,0.20175525796327598,-3.056657417594654,0.15145198321187792,17,1,0,0,1
34862,Dec-13,11,12420,Texas,491,Williamson,20316.0,2.0,30.47617,-97.80975,,CWS Apartments Homes LLC,CWS Apartments Homes LLC,Cedar Park,Marquis on Lakeline,2800 S Lakeline Blvd,Austin,78717,5122491000,2014,,,,352,783,3,,S,0,0,1,0,0,0,0,0,0,0,0,1,0,1,982.5833333333334,-0.2642276422764098,-0.13574607846656384,0.22970305466009622,-0.1268970337461548,0.004976544382463966,11,0,1,0,1
53648,Dec-14,7,12420,Texas,453,Travis,2402.0,4.0,30.19304,-97.77604,,CWS Capital Partners LLC,CWS Apartments,Far South Austin,Marquis Soco,304 E William Cannon Dr,Austin,78745,5128794105,2014,,,,140,903,3,,S,0,0,0,0,1,0,0,0,0,0,0,1,0,1,1266.125,-0.2642276422764098,-0.0032933701855774045,-0.5109135578056435,-0.23528454375500685,0.039910315016685086,11,1,0,0,1
26327,Jul-09,15,12420,Texas,453,Travis,1504.0,1.0,30.34021,-97.71808,,MIG Real Estate,Alliance Residential Company,North Central Austin,Midtown Commons at Crestview Station I,810 W St Johns Ave,Austin,78752,5124671800,2009,2019.0,,,316,798,3,,S,0,1,0,0,0,0,0,0,0,0,0,1,0,1,1127.857142857143,-5.26422764227641,-0.11918948993144052,0.1039379695244047,-2.6470830742127562,0.005936249838688872,6,0,1,0,1
35678,Apr-13,16,12420,Texas,453,Travis,1504.0,1.0,30.34021,-97.71808,,MIG Real Estate,Alliance Residential Company,North Central Austin,Midtown Commons at Crestview Station II,810 W St Johns Ave,Austin,78752,5124671800,2014,2021.0,,,246,769,4,,R,0,1,0,0,0,0,0,0,0,0,0,1,0,1,1304.5294117647059,-0.2642276422764098,-0.15119889443267887,-0.1406052515727736,-0.20559453978256328,0.01636536186129384,4,0,1,0,1
19199,Apr-09,16,12420,Texas,453,Travis,306.0,1.0,30.29897,-97.70815,,Allstate Life Insurance,Greystar,East Austin,Mosaic at Mueller,4600 Mueller Blvd,Austin,78723,5124745483,2009,,,,441,978,4,,S,0,1,0,0,0,0,0,0,0,0,0,1,0,1,1340.3529411764705,-5.26422764227641,0.07948957249003907,0.5406222929122229,-2.5001424908087486,0.12356322234081028,16,0,1,0,1
42660,Feb-14,10,12420,Texas,491,Williamson,20316.0,2.0,30.48414,-97.80951,,Sterling Real Estate Partners,Roscoe Property Management,Cedar Park,Muir Lake,12600 Avery Ranch Blvd,Cedar Park,78613,5123611705,2014,,,,332,968,3,,S,0,0,0,0,1,0,0,0,0,0,0,1,0,1,1307.7272727272727,-0.2642276422764098,0.06845184679995686,0.1598335629180454,-0.07961155451460877,0.0,11,0,1,0,1
42276,Apr-16,16,12420,Texas,453,Travis,1100.0,1.0,30.26531,-97.74954,,American Realty Advisors,Greystar,Downtown/University,Northshore Austin I,110 San Antonio St,Austin,78701,8335772457,2016,,,,439,1019,38,,S,0,1,0,0,0,0,0,0,0,0,0,1,0,1,3218.0,1.7357723577235902,0.1247442478193761,0.5336353437380179,1.0120365219552114,0.059733194528762114,9,0,1,0,1
37339,Oct-12,6,12420,Texas,453,Travis,1840.0,1.0,30.42544,-97.6655,,Belkorp,Alliance Residential Company,Pflugerville/Wells Branch,Oaks at Tech Ridge,14000 The Lakes Blvd,Pflugerville,78660,5122515954,2013,,,,336,739,3,,S,0,0,0,0,1,0,0,0,0,0,0,1,0,1,839.0,-1.2642276422764098,-0.1843120715029255,0.17380746126645552,-0.6526459503357915,0.06313536084229658,12,0,1,0,1
71761,Sep-16,9,12420,Texas,209,Hays,10910.0,4.0,29.99278,-97.86957,,Investors Capital Group,Avenue5 Residential,San Marcos,Oaks of Kyle,200 Philomena Dr,Kyle,78640,8559710544,2017,,,,203,849,3,,S,0,0,0,0,0,1,0,0,0,0,0,1,0,1,1100.8,2.73577235772359,-0.06289708891202128,-0.2908246588181831,1.2908521204245522,0.023893672721200868,8,0,1,0,1
86203,Sep-17,18,12420,Texas,209,Hays,10910.0,2.0,30.01152,-97.86901,,Teeple Partners,Valiant Residential,San Marcos,Oaks on Marketplace,20400 Marketplace Ave,Kyle,78640,5125041000,2017,,,,254,854,3,,S,0,0,0,0,0,1,0,0,0,0,0,1,0,1,1155.2105263157894,2.73577235772359,-0.057378226066980176,-0.11265745487595324,1.3281412200665104,0.04798894058968058,8,0,1,0,1
55187,Sep-16,15,12420,Texas,453,Travis,1769.0,1.0,30.23173,-97.88951,,Ardent Residential,Price Realty Corporation,Southwest Austin,Ocotillo,8000 US 290 West,Austin,78736,5122885005,2017,,,,308,852,3,,S,0,0,0,0,1,0,0,0,0,0,0,1,0,1,1298.125,2.73577235772359,-0.05958577120499664,0.07599017282758425,1.365208482065813,0.06345734883596954,8,0,1,0,1
10253991,Dec-19,3,12420,Texas,453,Travis,1840.0,1.0,30.43121,-97.65525,,JCI Residential,Oxford Enterprises,Pflugerville/Wells Branch,Oxford at Santa Clara,1701 S Heatherwilde Blvd,Pflugerville,78660,5124442522,2019,,,,300,800,3,,S,0,0,0,0,1,0,0,0,0,0,0,1,0,1,1251.75,4.73577235772359,-0.11698194479342405,0.048042376130763786,2.3424000706499206,0.0,6,1,0,0,1
33780,Jul-10,5,12420,Texas,453,Travis,1835.0,3.0,30.39572,-97.66797,,Oxford Enterprises,Oxford Enterprises,North Central Austin,Oxford at Tech Ridge,305 E Yager Ln,Austin,78753,5128738453,2010,,,,256,866,3,,S,0,0,0,0,1,0,0,0,0,0,0,1,0,1,833.5,-4.26422764227641,-0.0441329552388815,-0.10567050570174819,-2.166487808850219,0.0022974101921470333,15,0,1,0,1
19831,Mar-09,7,12420,Texas,491,Williamson,21508.0,2.0,30.52267,-97.65451,,Starlight Investments,Alliance Residential Company,Round Rock/Georgetown,Palm Valley Apartments,1301 N A W Grimes Blvd,Round Rock,78665,8334325971,2009,,,,340,971,3,,S,0,0,0,0,0,1,0,0,0,0,0,1,0,1,786.25,-5.26422764227641,0.07176316450698161,0.18778135961486564,-2.5730285998631373,0.23552708326243235,16,1,0,0,1
91026,Jul-18,13,12420,Texas,453,Travis,1769.0,1.0,30.23105,-97.88709,,Steadfast Companies,Steadfast Companies,Southwest Austin,Palo Verde,7880 US-290,Austin,78736,5123940477,2019,,,,296,858,3,,S,0,0,1,0,0,0,0,0,0,0,0,1,0,1,1353.5714285714287,4.73577235772359,-0.05296313579094725,0.03406847778235367,2.358810933680982,0.07157320722201631,6,0,1,0,1
53304,May-15,12,12420,Texas,491,Williamson,21403.0,1.0,30.60455,-97.66786,,Pensam Residential,BH Management,Round Rock/Georgetown,Parallax @ Georgetown,2000 FM1460,Georgetown,78626,5129439456,2015,,,,288,831,3,,S,0,0,0,0,0,1,0,0,0,0,0,1,0,1,1008.8461538461538,0.7357723577235902,-0.08276499515416924,0.006120681085533208,0.34428081653265097,0.07243447624488568,10,0,1,0,1
42348,Sep-16,19,12420,Texas,491,Williamson,20302.0,2.0,30.56739,-97.82573,,The GenCap Partners,Allied Orion Group,Cedar Park,Park at Crystal Falls I,7740 183a Toll Rd,Leander,78641,5122597500,2017,,,,242,869,3,,S,0,0,0,0,1,0,0,0,0,0,0,1,0,1,1292.7,2.73577235772359,-0.04082163753185686,-0.15457914992118382,1.3247238576180014,0.023257488797940307,8,0,1,0,1
71883,May-18,14,12420,Texas,491,Williamson,20302.0,2.0,30.56739,-97.82573,,The GenCap Partners,Allied Orion Group,Cedar Park,Park at Crystal Falls II,7740 183A,Leander,78641,5122597500,2018,,,,237,868,3,,S,0,0,0,0,0,1,0,0,0,0,0,1,0,1,1194.2666666666667,3.73577235772359,-0.041925410100865035,-0.17204652285669653,1.8208992512601962,0.05384674433289825,7,0,1,0,1
87856,Jun-08,17,12420,Texas,453,Travis,2202.0,3.0,30.30297,-97.64962,,LDG Development,Capstone Real Estate Services,East Austin,Park Place at Loyola,6200 Loyola Ln,Austin,78724,5126744100,2008,,,,252,1015,3,,S,0,0,0,0,0,0,1,0,0,0,0,1,0,1,787.2777777777778,-6.26422764227641,0.12032915754334317,-0.1196444040501583,-3.1199439546852337,0.009381875687568778,17,0,1,0,1
66015,Jul-14,4,12420,Texas,209,Hays,10400.0,2.0,29.85566,-97.94417,,BH Management,BH Management,San Marcos,Parkway Grande,1811 Medical Pkwy,San Marcos,78666,5128781811,2014,,,,192,834,3,,S,0,0,0,1,0,0,0,0,0,0,0,1,0,1,935.8,-0.2642276422764098,-0.0794536774471446,-0.3292528792763111,-0.2218005002276105,0.0830734673582251,11,1,0,0,1
19952,Aug-08,12,12420,Texas,453,Travis,1834.0,2.0,30.38109,-97.64922,,Gamma Real Estate,Portico Property Management,East Austin,Parmer Place,12101 Dessau Rd,Austin,78754,5128213200,2008,,,,290,1123,2,,S,0,0,0,1,0,0,0,0,0,0,0,1,0,1,957.6923076923077,-6.26422764227641,0.23953659499623092,0.013107630259738379,-3.057631316587388,0.1318630045117462,17,0,1,0,1
59700,Aug-16,17,12420,Texas,453,Travis,1915.0,1.0,30.24916,-97.85648,,The Morgan Group Inc,The Morgan Group Inc,Southwest Austin,Pearl Lantana,6401 Rialto Blvd,Austin,78735,5126348561,2017,,,,444,952,4,,S,0,0,0,1,0,0,0,0,0,0,0,1,0,1,1334.6666666666667,2.73577235772359,0.05079148569582537,0.5511027166735305,1.4933441679052488,0.11223177748185664,8,0,1,0,1
71006,Nov-16,14,12420,Texas,453,Travis,803.0,1.0,30.28087,-97.70993,,Greystar,Greystar,East Austin,Platform,2823 E Martin Luther King Jr Blvd,Austin,78702,5125236060,2017,,,,355,829,4,,S,0,1,0,0,0,0,0,0,0,0,0,1,0,1,1588.4,2.73577235772359,-0.0849725402921857,0.24018347842140386,1.39043111245842,0.06746109778509232,8,0,1,0,1
90351,Jul-18,9,12420,Texas,209,Hays,10909.0,3.0,30.02194,-97.87521,,Privately Owned,Village Green Companies,San Marcos,Plum Creek Vue,4624 Cromwell Dr,Kyle,78640,5122566161,2018,,,,180,913,3,,S,0,0,0,0,0,1,0,0,0,0,0,1,0,1,1172.5,3.73577235772359,0.007744355504504918,-0.37117457432154166,1.7959745706488381,0.07586670715714461,7,0,1,0,1
34865,Sep-12,10,12420,Texas,453,Travis,1303.0,2.0,30.25281,-97.76448,,Mid-America Apartment Communities ,Mid-America Apartment Communities ,South Austin,Post South Lamar I,1500 S Lamar Blvd,Austin,78704,5124459797,2013,,,,298,853,5,,S,0,1,0,0,0,0,0,0,0,0,0,1,0,1,1672.0,-1.2642276422764098,-0.05848199863598835,0.04105542695655884,-0.6414473353376896,0.012445742509514069,12,0,1,0,1
48351,Jun-17,14,12420,Texas,453,Travis,1303.0,2.0,30.25316,-97.76421,,Mid-America Apartment Communities ,Mid-America Apartment Communities ,South Austin,Post South Lamar II,1414 S Lamar Blvd,Austin,78704,5124459797,2017,,,,344,734,5,,S,0,1,0,0,0,0,0,0,0,0,0,1,0,1,1643.3333333333333,2.73577235772359,-0.1898309343479666,0.20175525796327598,1.3512879501500603,0.05172172235530327,8,0,1,0,1
26425,Dec-09,7,12420,Texas,453,Travis,101.0,3.0,30.31931,-97.755,,Mid-America Apartment Communities ,Mid-America Apartment Communities ,Near North Austin,Post West Austin,4330 Bull Creek Rd,Austin,78731,8333878157,2009,,,,329,889,5,,S,0,1,0,0,0,0,0,0,0,0,0,1,0,1,1148.75,-5.26422764227641,-0.018746186151692434,0.14935313915673776,-2.607867049152365,0.1668200217556154,16,1,0,0,1
19639,Dec-09,3,12420,Texas,453,Travis,1200.0,2.0,30.27329,-97.76032,,Intercontinental Real Estate,Greystar,Downtown/University,Pressler,507 Pressler St,Austin,78703,5124990244,2010,,,,168,903,5,,S,0,1,0,0,0,0,0,0,0,0,0,1,0,1,1642.5,-4.26422764227641,-0.0032933701855774045,-0.41309626936677224,-2.2157210860672327,0.1153562207999363,15,0,1,0,1
42127,Apr-12,13,12420,Texas,453,Travis,1716.0,1.0,30.39488,-97.82792,,Heitman,Peak Real Estate Management,Far West Austin,Promesa,9415 McNeil Dr,Austin,78750,5123412222,2012,,,,271,973,3,,S,0,0,0,0,1,0,0,0,0,0,0,1,0,1,1165.5714285714287,-2.26422764227641,0.07397070964499797,-0.05326838689520996,-1.1205762856237476,0.048122523016205225,13,0,1,0,1
71727,Aug-16,1,12420,Texas,209,Hays,10909.0,3.0,30.0164,-97.87257,,Momentum Real Estate Partners,Allied Orion Group,San Marcos,Provenza At Plum Creek,5020 Cromwell Dr,Kyle,78640,8448223387,2016,,,,180,839,3,,S,0,0,0,1,0,0,0,0,0,0,0,1,0,1,1048.0,1.7357723577235902,-0.0739348146021035,-0.37117457432154166,0.7714708196168557,0.0,9,0,1,0,1
64183,Apr-17,15,12420,Texas,453,Travis,2314.0,2.0,30.22297,-97.70722,,Hilltop Residential,Hilltop Residential,Riverside,Radius on Grove,2301 Grove Blvd,Austin,78741,5123869000,2017,,,,156,1095,3,,S,0,0,0,0,1,0,0,0,0,0,0,1,0,1,1429.75,2.73577235772359,0.20863096306400086,-0.4550179644120028,1.339471874898595,0.0689482172980443,8,0,1,0,1
52349,Oct-17,13,12420,Texas,491,Williamson,20316.0,1.0,30.49509,-97.81772,,"RB Associates, LLC",Greystar,Cedar Park,Regal Parc II,348 Cypress Creek Road,Cedar Park,78613,5122490490,2018,,,,123,972,3,,S,0,0,0,0,0,0,0,1,0,0,0,1,0,1,1168.4285714285713,3.73577235772359,0.07286693707598979,-0.5703026257863868,1.7756857348273147,0.03614614100520893,7,0,1,0,1
57043,Dec-17,21,12420,Texas,491,Williamson,20110.0,1.0,30.63033,-97.70153,,BSR Trust LLC,BSR Trust LLC,Round Rock/Georgetown,Retreat at Wolf Ranch,2323 Wolf Ranch Parkway,Georgetown,78628,5123083280,2018,,,,325,927,3,,S,0,0,0,0,0,1,0,0,0,0,0,1,0,1,1200.8181818181818,3.73577235772359,0.023197171470619837,0.13537924080832742,1.9019211784646466,0.06608554822369478,7,0,1,0,1
37912,Jul-13,16,12420,Texas,453,Travis,2304.0,2.0,30.2483,-97.7345,,Berkshire Residential Investments,Berkshire Communities,Riverside,RiverView,1300 E Riverside Dr,Austin,78741,5124428100,2013,,,,302,925,11,,S,0,1,0,0,0,0,0,0,0,0,0,1,0,1,2175.5882352941176,-1.2642276422764098,0.020989626332603484,0.05502932530496896,-0.6148110681774301,0.026376282647223893,12,1,0,0,1
43630,Jan-14,19,12420,Texas,453,Travis,401.0,2.0,30.29331,-97.72234,,CWS Apartments,CWS Apartments,Downtown/University,Sabina Apartments,3400 Harmon Ave,Austin,78705,5123717226,2014,,,,298,832,5,,S,0,1,0,0,0,0,0,0,0,0,0,1,0,1,1528.7,-0.2642276422764098,-0.08166122258516095,0.04105542695655884,-0.14840110252244143,0.03803754923489096,11,1,0,0,1
76210,Oct-17,20,12420,Texas,209,Hays,10400.0,3.0,29.84809,-97.94827,,Hayden Properties,Hayden Properties,San Marcos,Sadler House,1271 Sadler Drive,San Marcos,78666,5128873357,2018,,,,240,872,3,,S,0,0,0,0,0,0,0,1,0,0,0,1,0,1,1131.7619047619048,3.73577235772359,-0.03751031982483222,-0.16156609909538888,1.8243198630952675,0.0504812524097408,7,0,1,0,1
36130,Apr-15,7,12420,Texas,453,Travis,1100.0,1.0,30.27057,-97.74907,,Greystar,Greystar,Downtown/University,Seven,615 W 7th St,Austin,78701,5123688313,2015,,,,220,924,23,,S,0,1,0,0,0,0,0,0,0,0,0,1,0,1,2588.625,0.7357723577235902,0.019885853763595307,-0.2314355908374398,0.3275648168233857,0.08158545743704126,10,0,1,0,1
38748,Mar-13,10,12420,Texas,209,Hays,10902.0,2.0,30.08141,-97.82838,,Meagher Family Trust,FPI Management,San Marcos,Silverado Crossing,1480 Cabelas Dr,Buda,78610,5122950327,2013,,,,300,852,3,,S,0,0,0,1,0,0,0,0,0,0,0,1,0,1,962.9090909090909,-1.2642276422764098,-0.05958577120499664,0.048042376130763786,-0.6403810772735512,0.007066528451457152,12,0,1,0,1
41329,Dec-13,17,12420,Texas,453,Travis,1100.0,2.0,30.25725,-97.73908,,Simpson Property Group ,Simpson Property Group ,Downtown/University,Skyhouse Austin,51 Rainey St,Austin,78701,5129616968,2014,,,,320,791,23,,S,0,1,0,0,0,0,0,0,0,0,0,1,0,1,2020.8333333333333,-0.2642276422764098,-0.12691589791449798,0.11791186787281482,-0.14660621693799133,0.05090032351184721,11,0,1,0,1
35835,Aug-13,24,12420,Texas,453,Travis,2304.0,2.0,30.2433,-97.72724,,Grayco Partners,Grayco Partners,Riverside,South Shore District I,1333 Shore District Dr,Austin,78741,5124483000,2014,,,,250,916,6,,S,0,1,0,0,0,0,0,0,0,0,0,1,0,1,1666.72,-0.2642276422764098,0.011055673211529449,-0.12663135322436347,-0.15412338981961876,0.03380479593318523,11,0,1,0,1
42066,May-14,16,12420,Texas,453,Travis,2304.0,2.0,30.2433,-97.72724,,Grayco Partners,Grayco Partners,Riverside,South Shore District II,1333 Shore District Dr,Austin,78741,5124483000,2014,,,,162,1035,5,,S,0,1,0,0,0,0,0,0,0,0,0,1,0,1,1899.2941176470588,-0.2642276422764098,0.1424046089235076,-0.43405711688938753,-0.17620386183903014,0.06723898883583344,11,0,1,0,1
50271,Aug-14,12,12420,Texas,453,Travis,2304.0,1.0,30.2433,-97.72724,,Grayco Partners,Grayco Partners,Riverside,South Shore District III,1333 Shore District Dr,Austin,78741,5124483000,2014,,,,94,885,4,,S,0,1,0,0,0,0,0,0,0,0,0,1,0,1,1617.923076923077,-0.2642276422764098,-0.023161276427725364,-0.6716133888123607,-0.2733848818289947,0.04647325121229418,11,0,1,0,1
71766,Nov-16,11,12420,Texas,453,Travis,2425.0,1.0,30.16407,-97.7848,,Churchill Forge Properties,Churchill Forge Properties,Southeast Austin,Southpark Crossing,1701 Oak Hill Ln,Austin,78744,5122921212,2017,,,,308,801,3,,S,0,0,0,1,0,0,0,0,0,0,0,1,0,1,1129.25,2.73577235772359,-0.11587817222441588,0.07599017282758425,1.3483207617599873,0.006925844216106734,8,0,1,0,1
76064,Jul-17,19,12420,Texas,491,Williamson,20409.0,1.0,30.4678,-97.77094,,FaverGray Co,Continental Properties,Northwest Austin,Springs at Lakeline,9239 Amberglen Blvd,Austin,78729,5123949550,2018,,,,328,975,2,,S,0,0,0,0,0,0,0,1,0,0,0,1,0,1,1166.0,3.73577235772359,0.07617825478301454,0.14585966456963506,1.9199115882106266,0.09202066845344382,7,0,1,0,1
76059,May-17,15,12420,Texas,491,Williamson,21507.0,1.0,30.53825,-97.67459,,Continental Properties,Continental Properties,Round Rock/Georgetown,Springs at Round Rock,1200 E Old Settlers Blvd,Round Rock,78664,5124568037,2018,,,,260,977,2,,S,0,0,0,0,0,0,0,1,0,0,0,1,0,1,1104.0625,3.73577235772359,0.0783857999210309,-0.09169660735333796,1.8730625973674369,0.09115519139843117,7,0,1,0,1
10251497,Jul-18,15,12420,Texas,209,Hays,10908.0,1.0,30.0787,-97.81747,,Continental Properties,Continental Properties,San Marcos,Springs at Sunfield,1165 Fire Cracker Dr,Buda,78610,5126348234,2019,,,,256,965,2,,S,0,0,0,0,0,0,0,1,0,0,0,1,0,1,1199.4375,4.73577235772359,0.06514052909293233,-0.10567050570174819,2.366294236449325,0.08207279220612469,6,0,1,0,1
71887,Aug-17,8,12420,Texas,453,Travis,2425.0,1.0,30.16408,-97.77943,,Westwood Residential,Westwood Residential,Southeast Austin,Still Waters,515 E Slaughter LN,Austin,78744,5124946353,2018,,,,512,919,3,,S,0,0,0,0,0,0,0,1,0,0,0,1,0,1,1087.888888888889,3.73577235772359,0.014366990918554201,0.7886589885965036,2.029928073856662,0.052195229914335145,7,0,1,0,1
10255590,Jun-19,10,12420,Texas,453,Travis,1855.0,2.0,30.46142,-97.60957,,Horizon Realty Advisors,Horizon Realty Advisors,Pflugerville/Wells Branch,Stone Hill,17900 Pfluger Farm Ln,Pflugerville,78660,5129907110,2020,,,,300,905,3,,S,0,0,0,1,0,0,0,0,0,0,0,1,0,1,1286.6363636363637,5.73577235772359,-0.00108582504756094,0.048042376130763786,2.8771689065736794,0.0009051812447996782,5,0,1,0,1
44692,Mar-16,18,12420,Texas,453,Travis,2003.0,2.0,30.2117,-97.77215,,Cypress Real Estate Advisors ,Cypress Real Estate Advisors ,Far South Austin,Sur512,5010 S Congress,Austin,78745,5125245100,2016,,,,352,895,4,,S,0,1,0,0,0,0,0,0,0,0,0,1,0,1,1460.0526315789473,1.7357723577235902,-0.012123550737643152,0.22970305466009622,0.9101897245725215,0.11321177048226701,9,0,1,0,1
34863,Dec-13,17,12420,Texas,453,Travis,306.0,1.0,30.30043,-97.70728,,Sun Holdings Group,SYNC Residential,East Austin,Sync at Mueller,4646 Mueller Blvd,Austin,78723,5124747368,2014,,,,300,922,4,,S,0,1,0,0,0,0,0,0,0,0,0,1,0,1,1670.888888888889,-0.2642276422764098,0.01767830862557873,0.048042376130763786,-0.11720185332437853,0.04415656082493142,11,0,1,0,1
45203,Feb-12,9,12420,Texas,209,Hays,10500.0,1.0,29.86733,-97.96175,,Sun Holdings Group,SYNC Residential,San Marcos,Sync at Purgatory Creek,1951 Hunter Rd,San Marcos,78666,5125047755,2011,,,,286,961,3,,S,0,0,0,0,1,0,0,0,0,0,0,1,0,1,1202.0,-3.26422764227641,0.0607254388168994,-0.00086626808867174,-1.6140694431108695,0.0,14,1,0,0,1
65660,Apr-17,13,12420,Texas,453,Travis,1760.0,1.0,30.38585,-97.88663,,Nuveen,Pinnacle,Far West Austin,Tacara at Steiner Ranch,4306 N Quinlan Park Rd,Austin,78732,8442035012,2018,,,,246,961,4,,S,0,0,0,1,0,0,0,0,0,0,0,1,0,1,1427.4285714285713,3.73577235772359,0.0607254388168994,-0.1406052515727736,1.85798276019231,0.021839990717923398,7,0,1,0,1
37334,Jan-13,6,12420,Texas,453,Travis,1848.0,3.0,30.41015,-97.67898,,Price Realty Corporation,Price Realty Corporation,North Central Austin,Ten Oaks,12612 N Lamar Blvd,Austin,78753,5129971010,2013,,,,192,946,3,,S,0,0,0,1,0,0,0,0,0,0,0,1,0,1,1055.5714285714287,-1.2642276422764098,0.044168850281776084,-0.3292528792763111,-0.6847137419089343,0.0116186435064828,12,0,1,0,1
90985,Mar-18,17,12420,Texas,453,Travis,2429.0,1.0,30.16937,-97.76925,,,Roscoe Property Management,Southeast Austin,Terra,8300 Bluff Springs Rd,Austin,78744,5125985576,2018,,,,372,955,4,,S,0,0,0,1,0,0,0,0,0,0,0,1,0,1,1268.2777777777778,3.73577235772359,0.05410280340285012,0.29957254640214726,1.9440315291630794,0.052290799465285476,7,0,1,0,1
42567,Nov-13,19,12420,Texas,453,Travis,2004.0,1.0,30.24056,-97.78606,,CWS Capital Partners LLC,CWS Apartments Homes LLC,South Austin,The 704,3401 S Lamar Blvd,Austin,78704,5124450704,2014,,,,378,854,6,,S,0,1,0,0,0,0,0,0,0,0,0,1,0,1,1524.05,-0.2642276422764098,-0.057378226066980176,0.32053339392476254,-0.08522061017334646,0.05094616899004315,11,0,1,0,1
38382,Mar-15,22,12420,Texas,453,Travis,1849.0,1.0,30.39667,-97.71855,,Simpson Property Group ,Simpson Property Group ,North Central Austin,The Addison at Kramer Station,2601 Esperanza Crossing,Austin,78758,5128889144,2015,,,,388,904,4,,S,0,1,0,0,0,0,0,0,0,0,0,1,0,1,1496.4347826086957,0.7357723577235902,-0.0021895976165691167,0.35546813979578795,0.43832292753598195,0.07750370226496386,10,0,1,0,1
44404,Feb-13,13,12420,Texas,491,Williamson,20317.0,2.0,30.52781,-97.79289,,Tricon Capital,Tricon Capital,Cedar Park,The Allure,701 N Vista Ridge Blvd,Cedar Park,78613,5129867358,2013,,,,334,962,3,,S,0,0,0,0,1,0,0,0,0,0,0,1,0,1,1247.642857142857,-1.2642276422764098,0.06182921138590758,0.16682051209225035,-0.5802009553039825,0.01483472310109602,12,0,1,0,1
56174,Jun-16,24,12420,Texas,453,Travis,902.0,4.0,30.2624,-97.72553,,Invesco,Greystar,East Austin,The Arnold,1621 E 6th St,Austin,78702,5123993214,2017,,,,346,771,5,,S,0,1,0,0,0,0,0,0,0,0,0,1,0,1,1856.2,2.73577235772359,-0.1489913492946624,0.20874220713748093,1.3649372155008925,0.02920028970377206,8,0,1,0,1
34006,Sep-09,9,12420,Texas,453,Travis,1716.0,1.0,30.39502,-97.83323,,American Landmark Apartments,American Landmark Apartments,Far West Austin,The Asten at Ribelin Ranch,9900 McNeil Dr,Austin,78750,5122410101,2009,,,,350,979,3,,S,0,0,0,0,1,0,0,0,0,0,0,1,0,1,959.9,-5.26422764227641,0.08059334505904725,0.22271610548589127,-2.5633925965233124,0.14794866920417604,16,1,0,0,1
19869,Jul-08,10,12420,Texas,453,Travis,1100.0,1.0,30.26963,-97.73569,,Roscoe Property Management,Roscoe Property Management,Downtown/University,The Beverly,901 Red River St,Austin,78701,5124732224,2008,2019.0,,,120,1047,4,,S,0,1,0,0,0,0,0,0,0,0,0,1,0,1,1728.8181818181818,-6.26422764227641,0.15564987975160638,-0.5807830495476944,-3.201575467122262,0.14262864535596248,6,0,1,0,1
37790,Mar-15,24,12420,Texas,453,Travis,1200.0,2.0,30.26906,-97.75317,,Endeavor Real Estate Group,Pinnacle,Downtown/University,The Bowie,311 Bowie St,Austin,78703,5126502626,2015,,,,358,1010,35,,S,0,1,0,0,0,0,0,0,0,0,0,1,0,1,3272.56,0.7357723577235902,0.11481029469830206,0.2506639021827115,0.452462047707828,0.03839018097063396,10,0,1,0,1
19839,Jun-08,11,12420,Texas,453,Travis,1839.0,1.0,30.41291,-97.66833,,Austin Affordable Housing,AMP Residential,North Central Austin,The Bridge at Centeridge,701 Center Ridge Dr,Austin,78753,5129899800,2008,,,,348,793,3,,S,0,0,0,1,0,0,0,0,0,0,0,1,0,1,752.0,-6.26422764227641,-0.12470835277648162,0.2157291563116861,-3.1263804957088124,0.13063583815028892,17,0,1,0,1
42336,Jan-15,16,12420,Texas,453,Travis,1305.0,1.0,30.25976,-97.74799,,Christopher Investment Company,Christopher Investment Company,South Austin,The Catherine,214 Barton Springs Rd,Austin,78704,5127682557,2015,,,,300,897,19,,S,0,1,0,0,0,0,0,0,0,0,0,1,0,1,2488.705882352941,0.7357723577235902,-0.009916005599626687,0.048042376130763786,0.37451985240805985,0.07344264144027107,10,0,1,0,1
65886,Apr-16,5,12420,Texas,453,Travis,603.0,2.0,30.29035,-97.74777,,Cardinal Group Companies,Cardinal Group Companies,Downtown/University,The Corner,2508 San Gabriel St,Austin,78705,5126050022,2016,,,,63,1330,8,,S,0,1,0,0,0,0,0,0,0,0,0,1,0,1,3139.3333333333335,1.7357723577235902,0.4680175167809326,-0.7799111010125396,0.8523092136935669,0.0059109140806417665,9,0,1,0,1
20697,Sep-08,18,12420,Texas,453,Travis,1748.0,2.0,30.1636,-97.82699,,"McCann Realty Partners, LLC",Roscoe Property Management,Far South Austin,The Cove at Saddle Creek,10601 Manchaca Rd,Austin,78748,5122821170,2009,2019.0,,,208,787,3,,S,0,0,0,0,1,0,0,0,0,0,0,1,0,1,777.6315789473684,-5.26422764227641,-0.1313309881905309,-0.2733572858826704,-2.726184574771898,0.119314520772672,6,0,1,0,1
35750,Jun-08,14,12420,Texas,453,Travis,2308.0,4.0,30.22676,-97.76152,,Sendera Investment Group,Lincoln Property Company,South Austin,The Davis SoCo,3809 S Congress Ave,Austin,78704,5129168660,2008,2019.0,,,375,975,4,,S,0,1,0,0,0,0,0,0,0,0,0,1,0,1,1270.2,-6.26422764227641,0.07617825478301454,0.3100529701634549,-3.0472497506706095,0.16571407705565272,6,0,1,0,1
52348,Mar-17,17,12420,Texas,453,Travis,1855.0,1.0,30.48367,-97.63268,,Bluestone Properties,Bluestone Properties,Pflugerville/Wells Branch,The Emerson,1221 New Meister Ln,Pflugerville,78660,5122517000,2017,,,,384,941,2,,S,0,0,0,0,0,1,0,0,0,0,0,1,0,1,1192.7222222222222,2.73577235772359,0.03864998743673498,0.34149424144737783,1.447780023382291,0.023640738378681733,8,0,1,0,1
65404,Nov-09,12,12420,Texas,491,Williamson,20804.0,1.0,30.51112,-97.58083,,Bassham Properties,Bassham Properties,Round Rock/Georgetown,The Fairways at Star Ranch,150 Klattenhoff Ln,Hutto,78634,5122159173,2009,,,,396,1034,3,,S,0,0,0,0,0,1,0,0,0,0,0,1,0,1,959.2307692307693,-5.26422764227641,0.14130083635449942,0.3834159364926084,-2.5130403829333336,0.07530171631402495,16,0,1,0,1
69751,Feb-16,5,12420,Texas,209,Hays,10909.0,3.0,30.02555,-97.87576,,Madrone Ventures LLC,Capstone Real Estate Investments LLC,San Marcos,The Green at Plum Creek,4300 Cromwell Dr,Kyle,78640,5122682400,2016,,,,246,838,3,,S,0,0,0,0,1,0,0,0,0,0,0,1,0,1,1188.6666666666667,1.7357723577235902,-0.07503858717111167,-0.1406052515727736,0.8172535523959069,0.021813954462703834,9,1,0,0,1
88636,Dec-18,8,12420,Texas,453,Travis,902.0,1.0,30.25888,-97.70448,,BlackRock,Cypress Real Estate Advisors ,East Austin,The Guthrie,3218 Gonzales St,Austin,78702,5123899097,2019,,,,322,735,4,,S,0,1,0,0,0,0,0,0,0,0,0,1,0,1,1584.2222222222222,4.73577235772359,-0.18872716177895832,0.12489881704702,2.3362477937375115,0.07182127292249091,6,0,1,0,1
88543,Feb-17,5,12420,Texas,453,Travis,1839.0,1.0,30.39057,-97.65141,,Pedcor Companies ,Pedcor Companies ,North Central Austin,The Heights on Parmer,1500 E Parmer Ln,Austin,78753,5127179112,2017,,,,282,841,3,,S,0,0,0,0,0,0,0,1,0,0,0,1,0,1,909.1666666666666,2.73577235772359,-0.07172726946408703,-0.01484016643708197,1.3433999647351524,0.0,8,0,1,0,1
77756,Feb-17,11,12420,Texas,453,Travis,1840.0,1.0,30.4331,-97.65115,,FSC Realty,Westwood Residential,Pflugerville/Wells Branch,The Highlands,1501 S Heatherwilde Blvd,Pflugerville,78660,5122510100,2017,,,,292,857,3,,S,0,0,0,0,0,1,0,0,0,0,0,1,0,1,1156.75,2.73577235772359,-0.054066908359955534,0.02009457943394355,1.3556850222405972,0.022845167964129175,8,0,1,0,1
42323,Apr-13,10,12420,Texas,453,Travis,2407.0,1.0,30.14021,-97.79916,,Mesirow Financial,Greystar,Far South Austin,The Landing Double Creek,11301 Farrah Lane,Austin,78748,5124946986,2013,,,,293,831,3,,S,0,0,0,0,1,0,0,0,0,0,0,1,0,1,1069.3636363636363,-1.2642276422764098,-0.08276499515416924,0.023588054021046023,-0.6522257088802464,0.0089207193305495,12,0,1,0,1
42292,Mar-15,7,12420,Texas,491,Williamson,20311.0,1.0,30.47832,-97.7908,,CAF Management,CAF Management,Cedar Park,The M at Lakeline,10500 Lakeline Mall Dr,Austin,78717,5123312760,2015,,,,374,1163,2,,S,0,0,0,0,1,0,0,0,0,0,0,1,0,1,1607.75,0.7357723577235902,0.28368749775655977,0.3065594955763522,0.5143043273040334,0.0,10,0,1,0,1
19963,Sep-08,31,12420,Texas,491,Williamson,20510.0,4.0,30.48446,-97.73622,,CWS Capital Partners LLC,CWS Apartments,Cedar Park,The Marquis at Brushy Creek,15510 Ranch Rd 620 N,Austin,78717,5128284100,2009,,,,360,977,3,,S,0,0,0,0,0,0,0,1,0,0,0,1,0,1,920.34375,-5.26422764227641,0.0783857999210309,0.2576508513569167,-2.5570679108905123,0.16266324776048713,16,0,1,0,1
66282,Sep-16,21,12420,Texas,491,Williamson,20311.0,1.0,30.47675,-97.78493,,Stream Realty Partners,Greystar,Cedar Park,The Michael at Presidio,13535 Lyndhurst St,Austin,78717,5122589800,2017,,,,415,892,4,,S,0,0,1,0,0,0,0,0,0,0,0,1,0,1,1298.1818181818182,2.73577235772359,-0.015434868444667793,0.44979195364755675,1.453214109057906,0.10829855300986711,8,0,1,0,1
19152,Apr-08,14,12420,Texas,453,Travis,1100.0,1.0,30.26905,-97.75156,,GID Real Estate Investments,Windsor Communities,Downtown/University,The Monarch by Windsor,801 W 5th St,Austin,78703,5123220777,2008,,,,305,1265,29,,S,0,1,0,0,0,0,0,0,0,0,0,1,0,1,2587.6666666666665,-6.26422764227641,0.39627229979539824,0.0655097490662766,-3.00013018138633,0.07549326889161577,17,0,1,0,1
42760,Oct-13,9,12420,Texas,453,Travis,1785.0,1.0,30.43892,-97.73359,,Timbercreek Asset Management,Alliance Residential Company,Northwest Austin,The Monterra Apartments,13401 Legendary Dr,Austin,78727,5122198700,2014,,,,255,882,3,,S,0,0,0,1,0,0,0,0,0,0,0,1,0,1,1131.2,-0.2642276422764098,-0.026472594134750005,-0.10916398028885066,-0.16188839543640005,0.0,11,0,1,0,1
10253992,Jul-19,11,12420,Texas,453,Travis,2407.0,2.0,30.12438,-97.80464,,The GenCap Partners,Allied Orion Group,Southeast Austin,The Park at Estancia,820 Camino Vaquero Pkwy,Austin,78747,5122806711,2020,,,,320,878,3,,S,0,0,0,1,0,0,0,0,0,0,0,1,0,1,1295.8333333333333,5.73577235772359,-0.030887684410782934,0.11791186787281482,2.8822022471131232,0.05890368684025262,5,0,1,0,1
10253290,Jul-19,11,12420,Texas,209,Hays,10809.0,1.0,30.19737,-98.04856,,Privately Owned,Greystar,Southwest Austin,The Ridge at Headwaters,1040 Flathead Dr,Dripping Springs,78620,5124886692,2019,,,,168,880,3,,S,0,0,0,0,1,0,0,0,0,0,0,1,0,1,1354.25,4.73577235772359,-0.02868013927276647,-0.41309626936677224,2.2766628832066105,0.0,6,0,1,0,1
56838,Aug-16,7,12420,Texas,453,Travis,1914.0,1.0,30.25916,-97.86094,,Stratus Properties Inc.,Roscoe Property Management,Southwest Austin,The Santal I,7624 Tecoma Cir,Austin,78735,5128990000,2016,,,,236,982,3,,S,0,0,1,0,0,0,0,0,0,0,0,1,0,1,1605.25,1.7357723577235902,0.083904662766072,-0.1755399974437991,0.8579495782028568,0.08302620765103803,9,1,0,0,1
82277,Sep-18,8,12420,Texas,453,Travis,1914.0,1.0,30.25916,-97.86094,,Stratus Properties Inc.,Capstone Real Estate Services,Southwest Austin,The Santal II,7624 Tecoma Cir,Austin,78735,5128990000,2018,,,,212,988,3,,S,0,0,0,0,1,0,0,0,0,0,0,1,0,1,1475.3333333333333,3.73577235772359,0.09052729818012129,-0.25938338753426016,1.8431676908089796,0.07447610225143345,7,0,1,0,1
10251501,Oct-18,9,12420,Texas,491,Williamson,20302.0,1.0,30.58042,-97.80525,,SPI Advisory,Carroll Organization,Cedar Park,The Sarah,16760 Ronald Reagan Blvd,Leander,78641,5127828931,2019,,,,270,997,4,,S,0,0,0,0,0,1,0,0,0,0,0,1,0,1,1192.3,4.73577235772359,0.10046125130119532,-0.05676186148231255,2.3866721819556913,0.10226403824326862,6,0,1,0,1
34301,Oct-11,10,12420,Texas,209,Hays,10907.0,3.0,30.02605,-97.84763,,SPI Advisory,Valiant Residential,San Marcos,The Settlement,210 Amberwood Dr S,Kyle,78640,5122957222,2012,,,,396,747,3,,S,0,0,0,1,0,0,0,0,0,0,0,1,0,1,765.0,-2.26422764227641,-0.17548189095085975,0.3834159364926084,-1.1080752011249413,0.04951402907974662,13,0,1,0,1
71772,Jul-16,5,12420,Texas,453,Travis,1849.0,1.0,30.40336,-97.72264,,Northwood Ravin LLC,Northwood Ravin LLC,North Central Austin,The Standard at Domain North Side,11711 Domain Dr,Austin,78758,5125848065,2016,,,,563,794,5,,S,0,1,0,0,0,0,0,0,0,0,0,1,0,1,1477.3333333333333,1.7357723577235902,-0.12360458020747334,0.9668261925387336,1.0241700433072998,0.04165321809885385,9,0,1,0,1
66304,Apr-16,11,12420,Texas,491,Williamson,20302.0,1.0,30.58526,-97.84816,,Hughes Capital Management Inc,Valiant Residential,Cedar Park,The Standard at Leander Station,1680 Hero Way,Leander,78641,5122603300,2016,,,,225,858,3,,S,0,0,0,0,0,1,0,0,0,0,0,1,0,1,1121.25,1.7357723577235902,-0.05296313579094725,-0.2139682179019271,0.8092035945441255,0.013906751626567066,9,0,1,0,1
55211,Apr-15,14,12420,Texas,491,Williamson,20112.0,1.0,30.64727,-97.68655,,Western Securities,Western Securities,Round Rock/Georgetown,The Summit at Rivery Park I,1400 Rivery Blvd,Georgetown,78628,5128196860,2015,,,,228,817,4,,S,0,0,0,1,0,0,0,0,0,0,0,1,0,1,1114.2,0.7357723577235902,-0.09821781112028427,-0.20348779414061946,0.2977232766975859,0.019590771175472664,10,0,1,0,1
71824,Aug-16,23,12420,Texas,491,Williamson,20320.0,3.0,30.5285,-97.82406,,Horizon Realty Advisors,Horizon Realty Advisors,Cedar Park,The View at Cedar Park,1430 Main St,Cedar Park,78613,5122596700,2017,,,,166,911,4,,S,0,0,0,0,0,1,0,0,0,0,0,1,0,1,1255.7916666666667,2.73577235772359,0.005536810366488343,-0.4200832185409773,1.285530578263546,0.02073439539750475,8,0,1,0,1
13268,Apr-08,19,12420,Texas,453,Travis,2431.0,3.0,30.19013,-97.73265,,Singer Management,Singer Management,Southeast Austin,The Villas of Cordoba,5901 E Stassney Ln,Austin,78744,5124447430,2003,,,,156,1102,2,,S,0,0,0,0,0,0,0,0,1,0,0,1,0,1,685.1,-11.26422764227641,0.21635737104705832,-0.4550179644120028,-5.6582102027064884,0.0,22,1,0,0,1
54780,Dec-16,17,12420,Texas,453,Travis,1304.0,1.0,30.24345,-97.77267,,Bluerock Real Estate LLC,StoryBuilt,South Austin,Thornton Flats,2501 Thornton Rd,Austin,78704,5122984327,2017,,,,104,868,3,,S,0,0,1,0,0,0,0,0,0,0,0,1,0,1,1571.7222222222222,2.73577235772359,-0.041925410100865035,-0.6366786429413351,1.2279728272432686,0.03598065692216808,8,0,1,0,1
91020,Apr-19,7,12420,Texas,453,Travis,1741.0,1.0,30.38493,-97.944,,Kairoi Residential,Kairoi Residential,Far West Austin,Travis at The Lake,2208 N FM 620,Austin,78734,5126755253,2019,,,,312,950,4,,S,0,0,1,0,0,0,0,0,0,0,0,1,0,1,1546.625,4.73577235772359,0.04858394055780901,0.08996407117599436,2.4004541752643367,0.015627372837509052,6,0,1,0,1
35623,Aug-13,15,12420,Texas,453,Travis,1308.0,3.0,30.22876,-97.76697,,Belkorp,Greystar,South Austin,Tree Apartments,3715 S 1st St,Austin,78704,5125248000,2014,,,,335,823,5,,S,0,1,0,0,0,0,0,0,0,0,0,1,0,1,1516.1875,-0.2642276422764098,-0.09159517570623499,0.17031398667935305,-0.1255295765142048,0.0603697426443644,11,0,1,0,1
71817,Jan-18,7,12420,Texas,453,Travis,1713.0,1.0,30.20742,-97.80646,,Impact Developers,Magnolia Property Company,Far South Austin,Trillium Terrace,6500 Manchaca Rd,Austin,78745,5124028114,2018,,,,168,819,3,,S,0,0,0,0,1,0,0,0,0,0,0,1,0,1,1273.375,3.73577235772359,-0.09601026598226792,-0.41309626936677224,1.7564638451937604,0.02590743522865309,7,0,1,0,1
35681,Jan-13,7,12420,Texas,491,Williamson,21402.0,1.0,30.64447,-97.67776,,Privately Owned,Asset Living,Round Rock/Georgetown,Two Rivers,105 N Austin Ave,Georgetown,78626,5122405401,2013,,,,179,984,2,,S,0,0,0,0,1,0,0,0,0,0,0,1,0,1,1291.0,-1.2642276422764098,0.08611220790408836,-0.37466804890864425,-0.6812137685487072,0.0,12,0,1,0,1
71821,Apr-17,15,12420,Texas,491,Williamson,20406.0,2.0,30.43767,-97.77071,,Privately Owned,Lincoln Property Company,Northwest Austin,Urban North,8101 San Felipe Blvd,Austin,78729,5123946612,2017,,,,179,768,3,,S,0,0,1,0,0,0,0,0,0,0,0,1,0,1,1256.0,2.73577235772359,-0.15230266700168704,-0.37466804890864425,1.2472617689795602,0.06104468541831452,8,0,1,0,1
23047,Mar-10,6,12420,Texas,453,Travis,1849.0,1.0,30.39619,-97.72576,,LaSalle Investment Management,Lincoln Property Company,North Central Austin,Villages At The Domain,11011 Domain Dr,Austin,78758,5128367300,2010,2019.0,,,444,888,4,,S,1,0,0,0,0,0,0,0,0,0,0,1,0,1,1073.7142857142858,-4.26422764227641,-0.019849958720700722,0.5511027166735305,-2.027848265419709,0.13767593755404073,6,1,0,0,1
26336,Dec-09,8,12420,Texas,491,Williamson,20406.0,1.0,30.45125,-97.77477,,Qualico Communities,Greystar,Northwest Austin,Villages at Turtle Rock,12800 Turtle Rock Rd,Austin,78729,5123369000,2009,,,,356,866,3,,S,0,0,0,1,0,0,0,0,0,0,0,1,0,1,841.4444444444445,-5.26422764227641,-0.0441329552388815,0.24367695300850656,-2.596618317108168,0.20674050564814123,16,1,0,0,1
91636,Mar-18,18,12420,Texas,491,Williamson,21504.0,3.0,30.58402,-97.66645,,Berkshire Communities,Berkshire Communities,Round Rock/Georgetown,Villages of Georgetown,1400 Westinghouse Rd,Georgetown,78626,5126886200,2019,,,,438,1075,2,,S,0,0,0,1,0,0,0,0,0,0,0,1,0,1,1428.9473684210527,4.73577235772359,0.18655551168383644,0.5301418691509152,2.529881206197129,0.061441244818800575,6,0,1,0,1
52347,Mar-15,12,12420,Texas,453,Travis,1855.0,4.0,30.47985,-97.62714,,Nolan Real Estate Services,Nolan Real Estate Services,Pflugerville/Wells Branch,Villas at Spring Trails I,901 New Meister Ln,Pflugerville,78660,5122514663,2015,,,,270,937,2,,S,0,0,0,0,0,1,0,0,0,0,0,1,0,1,1143.7692307692307,0.7357723577235902,0.03423489716070205,-0.05676186148231255,0.3668042757135432,0.008473791793138839,10,0,1,0,1
30455,Mar-09,15,12420,Texas,453,Travis,1840.0,1.0,30.42336,-97.66562,,New York Life,Alliance Residential Company,Pflugerville/Wells Branch,Villas at Tech Ridge,13838 The Lakes Blvd,Pflugerville,78660,5122518700,2009,2017.0,,,350,976,3,,S,0,0,0,0,0,1,0,0,0,0,0,1,0,1,871.875,-5.26422764227641,0.07728202735202272,0.22271610548589127,-2.5643859918354197,0.19486800952419342,8,1,0,0,1
34304,Sep-10,4,12420,Texas,209,Hays,10909.0,3.0,30.01722,-97.87203,,GVA Property Management,GVA Property Management,San Marcos,Vista at Plum Creek,4925 Cromwell Dr,Kyle,78640,5122681315,2010,,,,264,883,3,,S,0,0,0,1,0,0,0,0,0,0,0,1,0,1,828.8,-4.26422764227641,-0.025368821565741828,-0.07772270900492784,-2.1552690094089133,0.13573576799140685,15,0,1,0,1
53652,May-14,8,12420,Texas,453,Travis,305.0,2.0,30.31568,-97.72454,,Versa Development,Lincoln Property Company,Near North Austin,Waller Creekside on 51st,105 W 51st St,Austin,78751,5123002200,2014,,,,139,799,3,,S,1,0,0,0,0,0,0,0,0,0,0,1,0,1,1310.5555555555557,-0.2642276422764098,-0.11808571736243223,-0.5144070323927461,-0.2704209428254838,0.04554160995865524,11,0,1,0,1
82292,Jun-18,14,12420,Texas,453,Travis,1826.0,1.0,30.39538,-97.6786,,Larry Peel Company,Larry Peel Company,North Central Austin,Walnut Park,12101 N Lamar Blvd,Austin,78753,5128211000,2019,,,,277,978,3,,S,0,0,0,1,0,0,0,0,0,0,0,1,0,1,1427.1333333333334,4.73577235772359,0.07948957249003907,-0.032307539372594674,2.385271542734288,0.02639986324881489,6,0,1,0,1
62303,Mar-09,14,12420,Texas,21,Bastrop,950400.0,4.0,30.10905,-97.3063,,Mount Auburn Multifamily,Bluestone Properties,Southeast Austin,Walnut Ridge Phase I & II,1900 Walnut St,Bastrop,78602,5125810009,2008,,,,200,940,2,,S,0,0,0,1,0,0,0,0,0,0,0,1,0,1,815.9333333333333,-6.26422764227641,0.0375462148677268,-0.30130508257949074,-3.181110973193785,0.06523334852382685,17,1,0,0,1
51952,Nov-16,11,12420,Texas,453,Travis,1401.0,1.0,30.25441,-97.74379,,CWS Capital Partners LLC,CWS Apartments Homes LLC,South Austin,Water Marq,300 E Riverside Dr,Austin,78704,5124429200,2017,,,,264,1021,6,,S,0,1,0,0,0,0,0,0,0,0,0,1,0,1,2687.5833333333335,2.73577235772359,0.12695179295739267,-0.07772270900492784,1.3904271749480273,0.03666000982505599,8,0,1,0,1
82396,Mar-19,5,12420,Texas,453,Travis,1840.0,3.0,30.43414,-97.65279,,,Capstone Real Estate Services,Pflugerville/Wells Branch,Wells Junction,15001 Strathaven Pass,Pflugerville,78660,5122207072,2019,,,,264,795,3,,S,0,0,0,0,1,0,0,0,0,0,0,1,0,1,1236.5,4.73577235772359,-0.12250080763846516,-0.07772270900492784,2.31559139476927,0.03566890079815561,6,0,1,0,1
65698,Oct-15,10,12420,Texas,453,Travis,1503.0,1.0,30.32201,-97.71922,,Eaton Vance,Greystar,Near North Austin,West Koenig Flats,5608 Avenue F,Austin,78751,5123740733,2016,,,,210,931,5,,S,0,1,0,0,0,0,0,0,0,0,0,1,0,1,1672.5454545454545,1.7357723577235902,0.027612261746652766,-0.2663703367084653,0.8228957900440979,0.05790724749994995,9,0,1,0,1
20173,Nov-08,17,12420,Texas,453,Travis,1761.0,1.0,30.36854,-97.8032,,The Connor Group,Oden Hughes LLC,Far West Austin,West Lake Vistas,7201 Ranch Rd 2222,Austin,78730,5123627029,2009,,,,334,1032,4,,S,1,0,0,0,0,0,0,0,0,0,0,1,0,1,1241.1666666666667,-5.26422764227641,0.13909329121648306,0.16682051209225035,-2.5570217313548103,0.2014203008720526,16,0,1,0,1
36486,Jan-18,22,12420,Texas,453,Travis,1910.0,2.0,30.26085,-97.81037,,Cypress Real Estate Advisors ,Cypress Real Estate Advisors ,Southwest Austin,Westerly 360,2500 Walsh Tarlton Ln,Austin,78746,5123279378,2018,,,,189,991,4,,S,0,1,0,0,0,0,0,0,0,0,0,1,0,1,1926.9130434782608,3.73577235772359,0.09383861588714604,-0.33973330303761873,1.828091103020415,0.08599873904064168,7,0,1,0,1
37782,Apr-13,10,12420,Texas,453,Travis,1100.0,1.0,30.2651,-97.7422,,Hartz Mountain Industries,Greystar,Downtown/University,Whitley Apartments,301 Brazos St,Austin,78701,5124730301,2013,,,,268,886,17,,S,0,1,0,0,0,0,0,0,0,0,0,1,0,1,2588.0,-1.2642276422764098,-0.022057503858717076,-0.06374881065651761,-0.6514808344271236,0.0005950922392970909,12,0,1,0,1
82341,Dec-18,10,12420,Texas,453,Travis,1849.0,1.0,30.38659,-97.7224,,GID Real Estate Investments,Windsor Communities,North Central Austin,Windsor Burnet,10301 Burnet Rd,Austin,78758,8338922320,2019,,,,352,893,4,,S,1,0,0,0,0,0,0,0,0,0,0,1,0,1,1638.3636363636363,4.73577235772359,-0.014331095875659616,0.22970305466009622,2.409527461031116,0.08076053980485466,6,0,1,0,1
82555,Feb-17,13,12420,Texas,453,Travis,1915.0,1.0,30.2474,-97.85868,,GID Real Estate Investments,Windsor Communities,Southwest Austin,Windsor Lantana Hills,6601 Rialto Blvd,Austin,78735,5123541570,2017,,,,300,955,3,,S,0,0,0,0,1,0,0,0,0,0,0,1,0,1,1350.4285714285713,2.73577235772359,0.05410280340285012,0.048042376130763786,1.3937254951088027,0.15505581912874036,8,0,1,0,1
90988,Aug-18,11,12420,Texas,453,Travis,1915.0,1.0,30.24857,-97.86086,,Privately Owned,Windsor Communities,Southwest Austin,Windsor Oak Hill,6701 Rialto Blvd,Austin,78735,5124928364,2019,,,,370,943,4,,S,0,0,1,0,0,0,0,0,0,0,0,1,0,1,1406.9166666666667,4.73577235772359,0.04085753257475133,0.2925855972279421,2.4386605580798086,0.0921215599746746,6,0,1,0,1
19876,Jan-09,8,12420,Texas,453,Travis,1100.0,2.0,30.25596,-97.73959,,GID Real Estate Investments,Windsor Communities,Downtown/University,Windsor On The Lake,43 Rainey St,Austin,78701,5124761810,2009,,,,187,1131,31,,S,0,1,0,0,0,0,0,0,0,0,0,1,0,1,1885.0,-5.26422764227641,0.24836677554829678,-0.3467202522118239,-2.6269478389160805,0.19931399904187633,16,0,1,0,1
71889,Feb-17,16,12420,Texas,453,Travis,1785.0,1.0,30.43891,-97.73775,,GID Real Estate Investments,Windsor Communities,Northwest Austin,Windsor Republic Place,5708 W Parmer Ln,Austin,78727,5122199771,2018,,,,290,955,3,,S,0,0,0,1,0,0,0,0,0,0,0,1,0,1,1369.764705882353,3.73577235772359,0.05410280340285012,0.013107630259738379,1.8867385459345978,0.01625115534843565,7,0,1,0,1
41311,Nov-14,18,12420,Texas,453,Travis,1303.0,2.0,30.25721,-97.75993,,GID Real Estate Investments,Windsor Communities,South Austin,Windsor South Lamar,809 S Lamar Blvd,Austin,78704,5124459000,2015,,,,340,905,5,,S,0,1,0,0,0,0,0,0,0,0,0,1,0,1,1994.1052631578948,0.7357723577235902,-0.00108582504756094,0.18778135961486564,0.4051167032704999,0.06773383185925501,10,0,1,0,1
79577,May-17,8,12420,Texas,209,Hays,10804.0,3.0,30.03098,-98.10173,,Sendera Investment Group,Merge Management,San Marcos,Woodcreek Apartments,16515 Ranch Road 12,Woodcreek,78676,5126483989,2017,,,,72,935,2,,S,0,0,0,0,0,1,0,0,0,0,0,1,0,1,1176.888888888889,2.73577235772359,0.032027352022685696,-0.7484698297286168,1.2278004185228775,0.0012272255262909444,8,0,1,0,1
47913,Sep-17,12,10420,Ohio,153,Summit,530902.0,3.0,41.08548,-81.43438,,PREMIER DEVELOPMENTS LLC,PREMIER DEVELOPMENTS LLC,South Summit County,Colony Hills,558 Colony Park Dr,Tallmadge,44278,3308005656,2017,,,,40,1183,2,,S,0,0,0,1,0,0,0,0,0,0,1,0,1,0,1140.3846153846155,2.73577235772359,0.3057629491367242,-0.8602610165158981,1.2875628602996325,0.0,8,1,0,1,0
51333,Jan-16,4,10420,Ohio,153,Summit,502500.0,2.0,41.06638,-81.48264,,"IRG Realty Advisors, LLC","IRG Realty Advisors, LLC",South Summit County,East End Residences,1201 E Market St,Akron,44305,3308400157,2016,,,,105,842,6,,S,0,1,0,0,0,0,0,0,0,0,1,0,1,0,1219.0,1.7357723577235902,-0.07062349689507885,-0.6331851683542327,0.7200620961224249,0.0,9,1,0,1,0
